Company ID,Seed Date,Seed Investor IDs,Seed Investors
100006-93,12/03/2012,100439-92,Investor 57
100024-12,04/09/2015,105862-42;105918-31;106085-62;106104-43,Investor 492;Investor 564;Investor 820;Investor 852
100077-31,02/01/2014,105983-92;106083-64,Investor 669;Investor 816
100136-53,05/30/2014,105931-09;106097-68,Investor 584;Investor 839
100140-94,12/02/2014,101843-74,Investor 200
100155-34,01/01/2014,100153-81;105950-35,Investor 12;Investor 613
100194-40,12/05/2014,106035-13,Investor 742
100234-81,04/29/2015,100236-61,Investor 25
100237-15,04/16/2015,10568-26,Investor 445
100237-87,12/16/2014,105929-56,Investor 581
100274-50,12/09/2014,100287-01,Investor 34
100323-91,08/25/2014,105949-45,Investor 610
100340-20,10/10/2014,100352-89,Investor 44
100360-63,01/07/2016,10042-21;10463-23,Investor 54;Investor 389
100373-50,12/11/2014,100374-22,Investor 49
100386-01,04/21/2015,105859-36;105974-56;106122-79,Investor 489;Investor 652;Investor 883
100423-00,02/24/2015,104749-57;105882-22;105884-65;105961-15;106076-35,Investor 401;Investor 513;Investor 520;Investor 630;Investor 809
100447-12,01/30/2014,105967-54;105976-18,Investor 640;Investor 656
100462-33,12/12/2014,10156-69,Investor 174
100511-02,05/05/2015,10123-03;105876-64;105890-77;105941-98;105972-49;106114-06;106124-86,Investor 151;Investor 508;Investor 532;Investor 599;Investor 649;Investor 866;Investor 887
100537-75,08/02/2016,105880-24,Investor 512
100573-84,09/09/2014,100566-73,Investor 75
100574-47,02/26/2014,100566-73,Investor 75
100575-28,02/26/2014,100566-73,Investor 75
100591-30,02/20/2013,100566-73,Investor 75
100591-48,02/10/2013,100566-73,Investor 75
100595-53,02/08/2012,100566-73,Investor 75
100596-61,02/08/2012,100566-73,Investor 75
100621-18,02/21/2008,100566-73,Investor 75
100678-24,11/24/2014,10123-03;106055-20,Investor 151;Investor 777
100693-90,04/30/2015,106035-13;106072-21,Investor 742;Investor 804
100744-84,06/29/2015,10133-20;105967-00;106033-87;106122-79,Investor 155;Investor 639;Investor 740;Investor 883
100779-40,11/17/2015,10230-94,Investor 227
100818-46,04/06/2015,100605-70,Investor 86
100818-91,01/13/2015,105887-17;105925-42;106018-03,Investor 525;Investor 574;Investor 716
100820-62,02/06/2013,106120-99,Investor 881
100838-35,09/16/2015,100881-19;105897-16;105906-07;106004-89;106012-27,Investor 121;Investor 541;Investor 551;Investor 695;Investor 706
100867-06,12/31/2015,100296-28,Investor 38
100918-81,09/09/2016,105883-57;106054-39,Investor 516;Investor 776
100933-30,07/28/2009,10461-25;106104-88,Investor 387;Investor 855
100955-62,09/03/2015,106035-94,Investor 743
100958-95,03/15/2015,105901-66;105968-71;105980-23;106050-88,Investor 546;Investor 642;Investor 664;Investor 771
101057-59,11/13/2014,102197-62,Investor 221
101066-86,03/03/2015,105908-59;105924-61;105949-45;105967-00;105997-87;106081-12,Investor 554;Investor 572;Investor 610;Investor 639;Investor 684;Investor 812
101070-64,09/04/2014,105956-65,Investor 623
101176-48,02/11/2013,106125-94,Investor 891
101176-93,03/17/2015,10560-70;105890-77;105968-71;105976-18;106054-30;106114-06,Investor 438;Investor 532;Investor 642;Investor 656;Investor 775;Investor 866
101206-45,08/25/2015,10108-09,Investor 139
101214-01,10/27/2014,105872-95;106113-34;106117-48,Investor 502;Investor 864;Investor 873
101216-62,04/17/2015,106099-03,Investor 842
101286-73,09/10/2015,105849-28;105980-23,Investor 474;Investor 664
101356-39,10/01/2012,105918-94;105925-06,Investor 566;Investor 573
101357-11,10/26/2015,105971-68,Investor 646
101358-10,01/13/2015,10123-03;10133-20;106081-12,Investor 151;Investor 155;Investor 812
101368-90,07/01/2015,10052-20,Investor 69
101409-31,03/14/2013,106098-04,Investor 841
101414-80,11/01/2014,105884-65;106060-60,Investor 520;Investor 786
101525-50,07/22/2015,10123-03,Investor 151
101589-76,11/01/2014,105909-76,Investor 555
101636-11,08/03/2016,10134-73,Investor 156
101650-69,01/31/2008,105942-43;105945-22;106040-17;106052-23;106105-87;106111-63,Investor 600;Investor 604;Investor 752;Investor 772;Investor 856;Investor 861
101696-05,04/01/2014,105976-18,Investor 656
101748-43,02/04/2015,105997-87;106072-21,Investor 684;Investor 804
101758-15,01/02/2014,101602-45,Investor 177
101765-80,07/01/2015,105847-84,Investor 470
101770-03,09/09/2015,106059-16,Investor 782
101821-06,08/04/2015,10445-41,Investor 375
101857-60,10/04/2014,101659-42,Investor 184
101858-32,12/15/2014,105847-84;106009-93,Investor 470;Investor 703
101867-68,06/11/2015,105902-11;105971-68,Investor 547;Investor 646
101869-30,07/16/2015,105953-14,Investor 617
101882-98,02/01/2007,10123-03;10308-97,Investor 151;Investor 278
101895-67,06/02/2015,105908-59,Investor 554
101919-70,11/01/2015,103211-47,Investor 282
101966-05,09/07/2015,104776-30,Investor 403
101980-00,05/02/2014,105856-66;106072-21,Investor 482;Investor 804
101984-86,02/25/2016,105884-65;106060-60,Investor 520;Investor 786
101990-80,10/27/2015,105918-76,Investor 565
101995-75,12/16/2016,10123-03,Investor 151
102020-95,08/26/2015,105951-88;106054-30,Investor 614;Investor 775
102026-89,11/01/2016,10560-70,Investor 438
102072-52,10/02/2008,105921-46,Investor 569
102089-26,09/28/2014,101659-42,Investor 184
102128-05,12/05/2016,10135-81,Investor 157
102150-64,12/09/2014,105840-55,Investor 463
102168-37,02/27/2015,10139-41;105833-35;105939-01,Investor 161;Investor 462;Investor 593
102169-45,03/07/2016,105872-95;105888-52;105927-94;106025-23,Investor 502;Investor 528;Investor 575;Investor 731
102170-89,03/02/2016,10458-73,Investor 384
102171-16,09/11/2015,105886-00,Investor 522
102197-80,05/24/2016,10322-83,Investor 283
102203-20,02/06/2015,105897-97,Investor 543
102243-43,08/05/2015,100296-28,Investor 38
102286-54,07/01/2015,100881-19,Investor 121
102297-70,02/03/2015,105849-91,Investor 475
102384-46,05/01/2015,10322-83,Investor 283
102399-13,12/22/2014,105772-42;105772-51,Investor 451;Investor 452
102427-75,08/01/2014,106102-63,Investor 849
102443-59,07/01/2009,105929-56;106049-71,Investor 581;Investor 769
102450-07,01/03/2011,10146-16,Investor 167
102459-88,05/11/2015,10445-23,Investor 374
102486-61,06/04/2016,106081-66,Investor 813
102590-29,12/10/2014,106119-28,Investor 879
102689-65,03/15/2015,105938-65,Investor 592
102692-71,07/12/2016,105915-97,Investor 561
102694-15,09/14/2014,101659-42,Investor 184
102712-42,10/12/2015,106126-75,Investor 892
102746-71,01/01/2014,105976-18,Investor 656
102785-59,02/17/2015,105938-65,Investor 592
102795-85,03/02/2016,105847-84,Investor 470
102815-74,05/06/2015,105879-16,Investor 510
102825-28,07/02/2013,101913-94,Investor 207
102846-43,09/01/2014,105848-38,Investor 471
102885-40,01/01/2012,105945-22,Investor 604
102902-77,05/30/2013,106005-43,Investor 697
102914-65,09/01/2008,106099-03,Investor 842
103034-62,09/16/2014,10134-73;106113-43,Investor 156;Investor 865
103143-07,08/20/2015,10049-14,Investor 66
103146-94,03/02/2016,100699-03,Investor 101
103159-27,03/12/2015,10322-83;106110-82,Investor 283;Investor 860
103301-11,04/01/2013,105943-87,Investor 602
10338-04,08/01/2007,10241-02,Investor 240
103383-01,07/09/2015,106081-12,Investor 812
103447-99,02/17/2016,105904-27,Investor 550
103448-53,12/15/2015,101217-25,Investor 149
103469-41,09/22/2015,106100-38,Investor 843
103534-30,02/10/2015,106002-64;106009-48;106093-72,Investor 692;Investor 702;Investor 833
103575-43,11/26/2014,105999-22,Investor 686
103612-06,03/01/2014,100566-73,Investor 75
103623-22,05/21/2015,101089-99;105876-64;105968-71,Investor 140;Investor 508;Investor 642
103623-94,04/19/2016,104549-23,Investor 382
103637-80,02/04/2012,10052-20;105856-66;105858-55;105891-13;105976-18;105999-40;106019-74;106059-70,Investor 69;Investor 482;Investor 486;Investor 534;Investor 656;Investor 687;Investor 719;Investor 783
103647-70,09/01/2008,105891-40;106013-53;106116-94,Investor 536;Investor 707;Investor 872
103665-52,01/01/2008,105950-17;106036-12,Investor 612;Investor 744
103721-95,01/25/2017,10061-83,Investor 87
103738-42,03/07/2016,10049-14,Investor 66
103761-91,05/17/2012,105884-29,Investor 518
103764-25,11/17/2014,105907-15;106039-45,Investor 553;Investor 750
103815-64,08/01/2016,105952-33;106047-73,Investor 615;Investor 765
103858-93,12/23/2014,106081-12;106102-63,Investor 812;Investor 849
103866-58,07/16/2014,105907-15;105927-94,Investor 553;Investor 575
10388-62,08/13/2007,10388-53,Investor 329
103924-00,02/01/2014,105872-95;105897-16;105995-17;106070-32,Investor 502;Investor 541;Investor 682;Investor 799
103928-59,11/15/2014,105863-23;105874-30;106113-43,Investor 493;Investor 505;Investor 865
103931-92,10/13/2015,10501-03,Investor 415
103935-97,03/31/2016,10049-14,Investor 66
103962-25,02/01/2015,106054-39,Investor 776
103980-16,11/05/2015,101021-23,Investor 134
104001-85,09/14/2016,10139-41;105876-55,Investor 161;Investor 507
104011-75,04/16/2015,10139-95,Investor 162
104046-31,07/01/2014,104124-16,Investor 356
104049-73,07/20/2014,105884-29;105997-24;106072-21,Investor 518;Investor 683;Investor 804
104050-18,12/07/2015,105847-84;106033-87;106104-88,Investor 470;Investor 740;Investor 855
104052-34,11/17/2014,105863-23;106113-43,Investor 493;Investor 865
104083-12,05/15/2015,103272-40;105988-60;106091-11,Investor 289;Investor 674;Investor 826
104131-54,04/14/2015,105967-00;106063-39,Investor 639;Investor 790
104183-11,01/01/2014,105863-23;105893-83,Investor 493;Investor 537
104197-96,07/15/2013,105971-68,Investor 646
104207-05,08/15/2016,10322-83,Investor 283
104216-14,06/16/2016,102376-00,Investor 237
104226-22,05/01/2014,105974-83;106035-94,Investor 654;Investor 743
104304-52,11/06/2015,105997-87;106072-21,Investor 684;Investor 804
104374-81,07/14/2014,101748-16,Investor 192
104375-62,06/01/2015,105908-59,Investor 554
104394-43,11/12/2015,100554-04,Investor 73
104407-93,07/27/2015,105849-91,Investor 475
104469-49,05/14/2015,10357-03;105849-28;105974-65;105974-83;105980-23;106029-55;106029-64;106067-89,Investor 307;Investor 474;Investor 653;Investor 654;Investor 664;Investor 735;Investor 736;Investor 795
104539-51,10/30/2014,105847-84;106009-93,Investor 470;Investor 703
104545-54,04/22/2015,10108-09;105968-71;106124-41,Investor 139;Investor 642;Investor 886
104553-37,07/31/2015,10446-40,Investor 376
104563-63,09/01/2016,102830-95,Investor 268
104591-98,01/30/2015,100685-89,Investor 100
104597-56,08/11/2015,106009-93;106081-12,Investor 703;Investor 812
104648-95,05/06/2013,101830-69,Investor 198
104668-30,02/01/2012,10322-83,Investor 283
104671-99,06/10/2014,105950-17;106021-09,Investor 612;Investor 724
104690-17,06/19/2015,10134-73,Investor 156
104694-31,06/16/2015,105849-91,Investor 475
104701-51,01/27/2015,10281-70,Investor 267
104747-86,11/17/2013,105983-38,Investor 666
104776-66,12/31/2013,103264-57,Investor 287
104789-17,10/12/2014,101659-42,Investor 184
104798-35,05/01/2014,105890-23;105974-83,Investor 530;Investor 654
104837-23,05/06/2013,100981-09,Investor 131
104879-35,02/03/2015,105977-62;106118-74,Investor 659;Investor 878
10506-34,03/25/2008,10404-55,Investor 351
10509-76,12/29/2008,10267-84,Investor 261
105476-77,10/31/2014,102425-68,Investor 244
105812-11,10/16/2016,100193-86,Investor 17
10601-11,09/05/2007,10271-98,Investor 264
106668-37,10/27/2013,105971-68,Investor 646
106842-61,01/02/2015,10382-32;105975-37;106093-90;106113-43,Investor 322;Investor 655;Investor 834;Investor 865
106924-33,11/21/2014,10445-23,Investor 374
106959-52,03/24/2014,10108-09,Investor 139
106988-59,08/11/2015,105953-14,Investor 617
107001-46,10/14/2013,106088-23,Investor 822
107032-51,03/01/2014,105501-25;106125-94,Investor 433;Investor 891
107035-30,08/05/2015,10052-20;10134-73,Investor 69;Investor 156
107036-65,12/19/2013,106097-68,Investor 839
107120-62,01/15/2015,105863-95,Investor 494
107140-42,03/01/2016,10025-47,Investor 30
107147-08,01/05/2016,10139-41,Investor 161
107239-87,08/24/2016,10139-41,Investor 161
107241-40,04/30/2007,105616-00,Investor 440
107326-36,01/03/2017,10293-04,Investor 270
107410-33,09/20/2016,103211-47,Investor 282
107452-90,04/02/2015,106070-32,Investor 799
107512-21,12/01/2014,102495-16;105884-29;105974-83,Investor 254;Investor 518;Investor 654
107514-73,08/25/2016,105953-14,Investor 617
107565-40,01/27/2015,10139-41;10463-23;105967-72;105986-62;106097-68,Investor 161;Investor 389;Investor 641;Investor 672;Investor 839
107570-35,01/26/2015,10134-73;10195-75,Investor 156;Investor 211
107588-26,08/01/2012,106042-87,Investor 757
107634-25,07/13/2015,10322-83,Investor 283
107722-81,07/01/2014,106070-32,Investor 799
107729-29,02/01/2015,106053-40,Investor 774
107733-16,03/25/2015,105880-24,Investor 512
107762-50,02/11/2011,10241-02,Investor 240
107770-60,02/03/2015,10134-73;105862-33,Investor 156;Investor 491
107780-14,05/19/2015,10134-73,Investor 156
107820-46,02/04/2015,106114-06,Investor 866
107834-68,11/26/2014,105849-28;105949-45;105964-84;106009-93;106042-60;106064-47;106124-41,Investor 474;Investor 610;Investor 636;Investor 703;Investor 756;Investor 792;Investor 886
107864-29,02/03/2015,105890-77,Investor 532
107992-36,04/13/2015,105974-83,Investor 654
108060-49,03/14/2016,105884-65;105985-63;106060-60,Investor 520;Investor 671;Investor 786
108107-02,02/11/2015,105939-37,Investor 594
108164-44,08/19/2008,10070-83,Investor 102
108255-16,04/22/2015,106022-53,Investor 726
108285-40,02/17/2015,106049-71,Investor 769
108312-22,06/08/2015,105928-21;105995-17;106042-87;106091-65,Investor 577;Investor 682;Investor 757;Investor 828
108314-56,03/05/2013,105983-47,Investor 667
108339-49,10/23/2015,10123-03;105859-36;105884-65;105974-65;105983-38;106012-27;106054-30;106060-15;106060-60,Investor 151;Investor 489;Investor 520;Investor 653;Investor 666;Investor 706;Investor 775;Investor 784;Investor 786
10837-18,07/14/2014,100085-59;10367-47,Investor 2;Investor 314
108389-08,09/16/2014,105974-65;106000-21;106118-74,Investor 653;Investor 689;Investor 878
108422-83,11/17/2015,105884-65;106008-13;106060-60;106093-90,Investor 520;Investor 700;Investor 786;Investor 834
108593-92,01/17/2017,105971-86,Investor 647
108607-87,02/27/2015,105858-55,Investor 486
108610-30,03/31/2016,106102-63,Investor 849
10862-02,04/29/2008,10052-20,Investor 69
108630-82,11/04/2014,10322-83,Investor 283
10866-79,08/08/2012,10133-20;106015-42;106053-40;106093-90,Investor 155;Investor 712;Investor 774;Investor 834
108676-63,04/21/2016,10123-03;106055-20,Investor 151;Investor 777
108690-13,07/15/2013,105999-22,Investor 686
108751-60,01/30/2014,105884-29,Investor 518
108783-55,06/11/2015,105974-65;106054-30,Investor 653;Investor 775
108812-71,08/15/2016,106035-13,Investor 742
108907-84,01/09/2015,105967-54,Investor 640
108919-72,04/15/2015,105942-88,Investor 601
108985-69,09/15/2014,101659-42,Investor 184
109056-61,11/01/2014,105928-21,Investor 577
109072-18,02/18/2016,10553-05,Investor 435
109192-24,03/01/2014,105616-00,Investor 440
109216-27,06/01/2013,105927-94;106126-84,Investor 575;Investor 893
109472-68,02/27/2015,105849-91,Investor 475
109507-42,08/24/2015,105907-15,Investor 553
109526-14,02/26/2015,106022-53,Investor 726
109684-90,11/17/2015,10196-83,Investor 212
109726-84,07/01/2015,101642-77,Investor 181
109743-49,03/05/2015,105884-65;105891-31;105968-71;106060-60,Investor 520;Investor 535;Investor 642;Investor 786
109766-26,03/09/2015,105900-94,Investor 545
109782-01,06/01/2015,106083-73,Investor 817
109789-57,01/24/2017,10331-11;105951-88;106033-87;106054-30,Investor 291;Investor 614;Investor 740;Investor 775
109837-99,03/10/2015,101655-82,Investor 183
109995-22,10/21/2011,10107-10,Investor 137
11020-06,01/08/2007,10121-86;10144-09,Investor 150;Investor 166
110201-50,06/25/2012,105938-65;105947-47;105953-14;105965-56;105976-54;106025-23,Investor 592;Investor 606;Investor 617;Investor 637;Investor 657;Investor 731
110207-71,11/02/2014,10139-41,Investor 161
110391-40,08/18/2016,105863-95,Investor 494
110415-25,12/23/2014,101830-69,Investor 198
110487-43,03/24/2015,10123-03,Investor 151
110488-15,03/24/2015,10120-87;10123-03;105907-15,Investor 148;Investor 151;Investor 553
110488-87,03/24/2015,105934-24,Investor 587
110498-23,03/27/2015,105907-15,Investor 553
110585-44,03/03/2016,10278-19;106099-03,Investor 266;Investor 842
110585-80,04/08/2015,10139-41,Investor 161
110586-34,04/05/2016,105885-46;105908-59,Investor 521;Investor 554
110671-84,04/07/2014,103211-47,Investor 282
110757-70,03/27/2015,106022-53,Investor 726
11085-13,02/11/2013,10139-41;105863-23;106113-43,Investor 161;Investor 493;Investor 865
110874-61,09/01/2007,10134-73,Investor 156
110949-13,07/30/2015,100624-51;10123-03;105907-15,Investor 90;Investor 151;Investor 553
111000-61,03/16/2015,106070-32,Investor 799
111020-59,04/02/2015,105907-15;105927-94;105983-38;106019-47;106020-28,Investor 553;Investor 575;Investor 666;Investor 718;Investor 721
111030-04,07/23/2015,105945-22,Investor 604
111250-54,03/11/2015,106039-45,Investor 750
111253-42,06/18/2007,10134-73,Investor 156
111253-60,01/04/2016,106040-17,Investor 752
111294-19,05/11/2015,105848-38;106107-22,Investor 471;Investor 858
111319-75,02/09/2015,10139-41,Investor 161
111323-89,03/02/2016,105863-23,Investor 493
111324-43,02/09/2015,10134-73,Investor 156
111383-47,03/31/2015,10052-20,Investor 69
111385-27,09/14/2015,105921-46,Investor 569
111429-91,04/17/2014,10134-73;105883-57,Investor 156;Investor 516
111470-95,12/23/2014,10322-83,Investor 283
111567-52,08/17/2015,10052-20;10139-41;105863-23;106011-46;106020-28,Investor 69;Investor 161;Investor 493;Investor 705;Investor 721
111612-70,11/20/2014,105957-10,Investor 625
111633-22,04/14/2015,105501-25,Investor 433
111652-21,05/04/2016,106067-89,Investor 795
111728-53,10/21/2016,100881-19;101830-69;10555-48,Investor 121;Investor 198;Investor 437
111812-23,05/08/2014,10382-32;105943-87,Investor 322;Investor 602
111926-89,10/26/2016,105907-15,Investor 553
111934-36,03/26/2015,105849-28;105885-46;105980-23;106009-93;106029-64,Investor 474;Investor 521;Investor 664;Investor 703;Investor 736
111950-11,03/26/2015,10139-41;106081-66,Investor 161;Investor 813
112011-58,04/21/2015,10388-62,Investor 330
112022-47,11/01/2015,105884-29;106008-13;106022-53,Investor 518;Investor 700;Investor 726
112027-33,05/07/2015,105952-33;105968-71,Investor 615;Investor 642
112117-33,07/08/2015,103536-01,Investor 304
112219-84,10/27/2016,100731-07,Investor 107
112496-32,09/29/2016,105847-84,Investor 470
112498-12,04/30/2015,105876-64;105883-57;105958-99;105967-00;106022-53;106081-12,Investor 508;Investor 516;Investor 629;Investor 639;Investor 726;Investor 812
112512-43,09/22/2015,10042-21,Investor 54
112545-91,05/01/2015,105977-98,Investor 661
112548-52,05/03/2015,101872-45;105962-41;106046-20,Investor 201;Investor 632;Investor 762
112575-25,12/01/2014,10066-15,Investor 96
112575-79,01/15/2013,105876-64;105974-56;105977-62;105980-23;105983-38;106021-09;106035-13;106070-77,Investor 508;Investor 652;Investor 659;Investor 664;Investor 666;Investor 724;Investor 742;Investor 801
112585-15,02/01/2014,10281-70,Investor 267
112906-63,09/21/2007,106046-65,Investor 763
112941-64,03/02/2016,10560-70,Investor 438
112950-64,05/07/2015,105915-97,Investor 561
112959-28,08/30/2016,105967-00,Investor 639
113007-43,09/13/2015,106049-71,Investor 769
113039-92,03/08/2016,10499-95,Investor 414
113046-94,04/12/2016,103272-40,Investor 289
113109-94,07/30/2015,103048-39,Investor 276
113116-96,08/17/2015,10134-73,Investor 156
113119-75,05/01/2016,104730-94,Investor 397
113121-46,05/17/2016,10463-23,Investor 389
113130-28,11/10/2010,102473-47,Investor 249
113144-59,07/09/2015,105884-65;105894-55;106116-76,Investor 520;Investor 539;Investor 871
113159-26,01/06/2016,10187-83,Investor 202
113232-16,10/18/2016,100153-81;100370-71;10525-24,Investor 12;Investor 46;Investor 426
113238-01,05/01/2015,105938-65;106022-62,Investor 592;Investor 727
113267-17,07/01/2012,106009-48;106063-21,Investor 702;Investor 789
113335-30,07/21/2015,105858-55,Investor 486
113352-13,05/18/2015,105907-15,Investor 553
113370-76,06/30/2016,10178-65,Investor 194
113439-79,04/25/2015,105884-29;106009-48;106067-17,Investor 518;Investor 702;Investor 793
113455-72,02/17/2015,105928-03,Investor 576
11357-38,01/22/2007,10077-85;10156-69,Investor 115;Investor 174
113573-89,10/05/2015,10458-73,Investor 384
113650-93,05/10/2015,101598-94,Investor 176
113681-08,12/03/2015,10146-16,Investor 167
113724-55,01/28/2016,10331-11,Investor 291
113728-15,06/26/2015,106039-45,Investor 750
113736-97,05/25/2015,106022-53;106081-66,Investor 726;Investor 813
113770-36,03/03/2016,104622-22,Investor 388
113773-15,05/10/2012,106009-48,Investor 702
113834-26,11/11/2015,104852-08,Investor 411
113868-28,01/05/2015,10364-23,Investor 310
113914-63,05/19/2015,105938-65,Investor 592
113933-89,06/21/2016,10560-70;105863-95,Investor 438;Investor 494
113978-98,11/10/2015,104134-87,Investor 357
113988-07,08/14/2014,105953-14;106009-93,Investor 617;Investor 703
114077-44,06/22/2016,105883-57,Investor 516
114080-41,01/23/2015,10052-20,Investor 69
114101-56,05/01/2015,106115-59,Investor 868
114101-83,06/30/2015,10123-03;10139-41,Investor 151;Investor 161
114243-76,05/21/2015,103785-49,Investor 320
114363-46,05/21/2015,105953-14;106064-47,Investor 617;Investor 792
11456-11,09/10/2007,104820-76,Investor 408
114624-55,05/28/2015,105968-71,Investor 642
114628-06,05/01/2015,102495-16;106015-42;106035-13,Investor 254;Investor 712;Investor 742
114693-04,09/01/2010,10532-80,Investor 429
114789-25,02/03/2016,105884-65,Investor 520
114826-06,05/04/2015,106076-35,Investor 809
114843-52,01/27/2016,10382-32;10612-18,Investor 322;Investor 882
114852-25,10/13/2016,106097-05,Investor 838
114888-07,01/01/2015,105976-18,Investor 656
114976-81,06/03/2015,105852-43,Investor 479
115028-74,09/30/2014,101626-39,Investor 179
115199-20,05/19/2016,10067-86,Investor 97
115350-67,01/01/2015,105976-18,Investor 656
115350-85,11/12/2015,105995-17;106091-65,Investor 682;Investor 828
115374-16,06/08/2015,100881-19;105953-14,Investor 121;Investor 617
115375-96,10/29/2015,10042-21,Investor 54
115403-68,01/18/2016,105847-84,Investor 470
115406-20,03/31/2016,10322-83,Investor 283
115472-89,01/31/2015,10357-03,Investor 307
115478-74,03/22/2014,105884-29;105899-14;105976-18,Investor 518;Investor 544;Investor 656
115485-49,09/24/2014,105501-25,Investor 433
115513-57,02/24/2016,105861-43;105883-57,Investor 490;Investor 516
115521-85,06/17/2015,10123-03;105934-24,Investor 151;Investor 587
115603-66,01/25/2015,104141-26;105899-14;105980-23,Investor 359;Investor 544;Investor 664
115610-14,08/10/2016,105968-71;106009-93,Investor 642;Investor 703
115622-83,02/01/2016,10042-21,Investor 54
117068-59,04/01/2015,105501-25;105931-09,Investor 433;Investor 584
117086-77,06/01/2015,104124-16,Investor 356
117120-52,06/16/2015,10123-03,Investor 151
117141-04,11/29/2016,106025-23,Investor 731
117150-67,11/11/2015,105967-72,Investor 641
117159-13,04/20/2016,106116-94,Investor 872
117177-85,04/27/2015,105999-22;106056-73;106123-24,Investor 686;Investor 780;Investor 884
117212-41,12/20/2013,105967-00,Investor 639
117236-53,01/29/2015,106015-96,Investor 713
11734-30,10/15/2007,10352-89,Investor 302
117396-10,08/24/2015,105976-18,Investor 656
117434-26,07/01/2014,10020-07,Investor 19
117444-79,05/31/2016,10139-41,Investor 161
117491-32,11/16/2016,106019-47,Investor 718
117505-81,10/20/2016,105967-00;106022-62;106041-70,Investor 639;Investor 727;Investor 755
117509-23,02/03/2016,10134-73,Investor 156
117584-20,11/17/2015,106012-27,Investor 706
117597-70,10/06/2015,105858-82,Investor 487
117772-93,04/22/2015,105909-76;105918-94,Investor 555;Investor 566
117900-73,01/25/2016,105968-71,Investor 642
117903-88,05/01/2015,105907-15;105927-94,Investor 553;Investor 575
117920-17,01/08/2015,10139-41,Investor 161
117984-07,04/29/2016,106062-40,Investor 788
118001-71,11/15/2012,10560-70,Investor 438
118002-79,12/16/2015,106070-77,Investor 801
118012-06,10/07/2015,10123-03;105907-15,Investor 151;Investor 553
118024-75,07/31/2015,106054-30,Investor 775
118037-26,06/23/2015,105986-62,Investor 672
118067-41,10/27/2016,103882-06,Investor 328
118129-60,09/15/2014,10268-65,Investor 262
118144-90,06/24/2016,10357-03;105924-61;105980-23,Investor 307;Investor 572;Investor 664
118261-18,08/01/2016,103211-47,Investor 282
11828-80,02/06/2008,10015-39,Investor 13
118286-02,08/31/2016,102425-68,Investor 244
118335-52,01/01/2016,104134-87,Investor 357
118358-47,07/26/2016,105501-25,Investor 433
118405-99,12/03/2015,105849-91,Investor 475
118527-13,03/27/2015,10521-55,Investor 424
118541-80,11/10/2014,10123-03;105885-46,Investor 151;Investor 521
118541-89,01/13/2017,105874-30,Investor 505
118586-62,05/03/2012,105873-76,Investor 504
118788-76,06/25/2015,10123-03,Investor 151
118818-37,02/03/2016,10018-18;10024-75;10028-71;10042-84;10043-83;10355-14;10568-26,Investor 15;Investor 28;Investor 35;Investor 55;Investor 56;Investor 305;Investor 445
118850-59,04/21/2014,10322-83,Investor 283
118886-95,05/08/2014,105907-15,Investor 553
118908-73,06/28/2016,10014-49,Investor 10
118955-53,09/19/2011,105976-18,Investor 656
118991-98,08/15/2016,10144-09,Investor 166
119066-14,10/13/2015,106031-62,Investor 738
119184-85,06/25/2015,105847-84;105907-15;105964-84,Investor 470;Investor 553;Investor 636
119236-60,07/01/2015,10612-54,Investor 889
119276-02,11/01/2013,105953-14,Investor 617
119333-35,09/01/2014,105914-62;106008-13,Investor 560;Investor 700
119376-64,07/07/2015,105986-71,Investor 673
119389-87,07/08/2015,106049-71,Investor 769
119536-84,05/06/2015,106063-66,Investor 791
119538-28,06/16/2015,101049-49,Investor 135
119615-50,02/03/2016,105899-14,Investor 544
119682-91,07/13/2015,10322-83,Investor 283
119746-09,09/04/2015,105856-66,Investor 482
119747-89,07/16/2015,102495-16;105976-18,Investor 254;Investor 656
11975-14,03/08/2007,10215-73,Investor 216
119756-53,06/30/2016,10123-03;105968-71,Investor 151;Investor 642
11976-22,02/14/2007,10215-73,Investor 216
119766-97,10/02/2013,106039-72,Investor 751
119886-49,07/16/2015,10357-03,Investor 307
119931-58,11/01/2015,10538-74,Investor 431
119977-30,02/15/2016,102197-62,Investor 221
120027-61,06/20/2016,100202-14,Investor 20
120115-18,08/30/2016,10312-30,Investor 279
120148-12,01/01/2014,105953-14,Investor 617
120162-88,05/25/2016,10139-41,Investor 161
12025-63,09/09/2009,10088-92,Investor 122
120275-56,10/13/2016,101311-75,Investor 153
120307-51,07/20/2016,106116-94,Investor 872
120307-96,11/11/2015,10463-23;10530-10;10566-01,Investor 389;Investor 428;Investor 443
12032-74,09/03/2007,10022-14,Investor 23
120358-45,01/25/2017,10474-48,Investor 399
120374-29,12/15/2016,104840-56,Investor 410
120493-90,07/15/2015,105945-22,Investor 604
120511-09,07/21/2015,105968-71;106009-48;106013-53;106088-23,Investor 642;Investor 702;Investor 707;Investor 822
120521-26,05/14/2015,10024-93;10037-35;10038-79;10045-81,Investor 29;Investor 48;Investor 51;Investor 58
120587-95,01/14/2016,105885-46;106012-27;106033-87;106041-70;106054-30,Investor 521;Investor 706;Investor 740;Investor 755;Investor 775
120729-70,07/27/2015,10139-41,Investor 161
120755-89,07/27/2015,106100-38,Investor 843
120863-80,01/05/2016,106019-92;106070-32,Investor 720;Investor 799
12088-90,12/14/2007,10121-86,Investor 150
120926-26,01/29/2016,105953-14,Investor 617
120927-25,08/24/2015,105885-46;106054-30,Investor 521;Investor 775
120939-31,04/21/2016,106054-39,Investor 776
120989-35,08/11/2015,10134-73,Investor 156
12115-36,05/20/2008,106116-94,Investor 872
121263-85,01/05/2016,100841-59,Investor 119
121379-23,04/22/2016,106022-53,Investor 726
121399-30,08/20/2015,105976-54;105984-19,Investor 657;Investor 670
121424-05,07/06/2016,105887-17,Investor 525
121453-03,08/29/2016,102197-62,Investor 221
121504-15,01/10/2017,105968-71;106103-89,Investor 642;Investor 850
121505-41,11/05/2015,10133-20,Investor 155
121560-67,04/06/2016,10357-03;105872-95,Investor 307;Investor 502
121587-49,08/12/2015,105847-84,Investor 470
121588-48,07/07/2016,105899-14,Investor 544
121722-85,10/13/2015,101903-14;105847-84;105876-64,Investor 205;Investor 470;Investor 508
121722-94,04/30/2016,100153-81,Investor 12
12175-21,11/18/2009,10168-66,Investor 186
121750-39,02/01/2015,106009-48,Investor 702
121789-81,11/12/2015,105949-45;105974-83;106067-89;106102-00;106124-41,Investor 610;Investor 654;Investor 795;Investor 848;Investor 886
121817-44,01/20/2014,106070-86,Investor 802
121968-10,08/12/2015,105952-33,Investor 615
122104-90,11/12/2015,103892-68,Investor 331
122189-05,05/31/2015,105914-62,Investor 560
122214-43,03/08/2015,10322-83,Investor 283
12222-64,03/05/2007,10249-48,Investor 253
122348-08,03/03/2015,102376-00,Investor 237
12237-31,09/01/2007,10241-38,Investor 241
12238-57,01/11/2007,10241-38,Investor 241
122450-41,10/15/2015,106015-96,Investor 713
122540-32,05/01/2014,105884-29,Investor 518
122551-48,03/01/2012,105884-29,Investor 518
122576-14,06/08/2016,10322-83,Investor 283
122600-35,09/22/2015,105848-92,Investor 473
12274-12,07/23/2010,10364-77,Investor 311
12277-63,09/10/2010,10388-17,Investor 327
122804-65,05/10/2016,100104-04;100104-13,Investor 3;Investor 4
122872-69,08/05/2015,10052-20;10139-41,Investor 69;Investor 161
12313-18,10/01/2007,10388-17,Investor 327
123222-34,09/02/2015,101661-13,Investor 185
123676-66,09/15/2016,10262-53,Investor 257
123750-46,09/09/2015,10133-20,Investor 155
123783-94,04/07/2016,105876-64;105977-62;106000-21;106060-60;106124-41,Investor 508;Investor 659;Investor 689;Investor 786;Investor 886
123810-67,10/22/2012,106116-94,Investor 872
12392-20,10/04/2007,10478-08,Investor 404
124049-17,03/09/2016,10108-09;105928-03,Investor 139;Investor 576
124316-11,10/01/2015,105967-00,Investor 639
124384-06,04/01/2013,103264-57,Investor 287
124608-70,04/05/2015,105887-17;106002-64;106018-03;106093-72,Investor 525;Investor 692;Investor 716;Investor 833
124609-87,07/27/2016,105980-23,Investor 664
12491-38,03/06/2008,10172-53,Investor 191
124915-87,12/30/2016,10561-06,Investor 439
125129-80,10/01/2016,10043-83;10231-12,Investor 56;Investor 228
125193-97,02/03/2016,106019-47,Investor 718
125280-64,03/24/2016,105910-30;105955-03;105983-65,Investor 556;Investor 620;Investor 668
125281-09,06/01/2015,10322-83,Investor 283
125281-27,02/05/2016,10322-83,Investor 283
125281-36,01/08/2016,10357-03,Investor 307
125370-91,01/24/2017,106014-61,Investor 709
125470-90,05/01/2015,10322-83,Investor 283
125531-29,03/16/2016,105968-71,Investor 642
125559-37,10/08/2015,104749-57,Investor 401
125582-59,07/17/2015,105983-38,Investor 666
125609-41,08/24/2015,100464-85,Investor 61
125611-93,11/19/2015,10123-03,Investor 151
125616-16,07/25/2016,10123-03;106055-20,Investor 151;Investor 777
125616-34,12/31/2015,106054-30,Investor 775
125677-27,03/15/2016,10038-79,Investor 51
125763-49,10/13/2015,10123-03,Investor 151
125805-16,08/26/2015,10322-83,Investor 283
125809-30,07/01/2014,10322-83,Investor 283
125811-28,03/04/2015,10322-83,Investor 283
125877-34,01/08/2015,100202-23,Investor 21
125998-21,05/10/2016,102495-16,Investor 254
126140-32,04/01/2016,10522-18,Investor 425
126156-97,10/21/2015,10123-03,Investor 151
126173-35,03/01/2016,105968-71,Investor 642
126189-01,01/01/2014,10042-21,Investor 54
126228-43,08/15/2015,105997-87;106097-68,Investor 684;Investor 839
126234-82,06/17/2015,106097-68,Investor 839
126271-54,05/31/2016,10043-83;10503-73,Investor 56;Investor 418
126333-46,08/13/2015,100296-28;105968-71,Investor 38;Investor 642
126334-90,03/22/2016,10382-32;105894-55;105974-56;106035-13;106116-76,Investor 322;Investor 539;Investor 652;Investor 742;Investor 871
126395-83,05/01/2014,10322-83,Investor 283
126398-89,12/01/2014,104134-87,Investor 357
126411-40,09/04/2015,106031-62,Investor 738
126491-68,10/27/2015,100685-89,Investor 100
12655-81,06/01/2007,105976-18,Investor 656
12657-07,04/14/2009,106030-63,Investor 737
126593-38,10/08/2015,10189-81,Investor 204
126596-71,10/11/2016,106040-17,Investor 752
12671-65,07/03/2008,10043-83,Investor 56
126957-61,02/03/2016,105847-12;105876-64;105883-57;105921-46;105921-64;105974-83;105976-18;106025-23;106054-39,Investor 469;Investor 508;Investor 516;Investor 569;Investor 570;Investor 654;Investor 656;Investor 731;Investor 776
127259-56,01/03/2017,10215-73,Investor 216
12749-59,09/18/2008,10048-15;10236-43,Investor 64;Investor 234
12751-84,11/18/2011,105976-18;106049-26;106072-21,Investor 656;Investor 768;Investor 804
12758-32,01/17/2007,10134-73;10195-75,Investor 156;Investor 211
12758-86,05/30/2008,10195-75;106008-13,Investor 211;Investor 700
127581-94,08/15/2016,10331-11,Investor 291
12759-31,03/23/2007,10195-75;106008-13;106036-12,Investor 211;Investor 700;Investor 744
12759-67,01/19/2007,10195-75,Investor 211
12760-39,09/30/2014,10195-75,Investor 211
127754-47,11/05/2015,10123-03;105974-83,Investor 151;Investor 654
12798-28,06/11/2008,10458-73,Investor 384
128074-78,06/01/2011,101911-69,Investor 206
128409-67,04/19/2016,105993-28,Investor 681
128480-77,08/15/2015,103873-06,Investor 326
12873-34,02/11/2008,10068-04,Investor 98
12874-24,10/21/2009,10068-04,Investor 98
12874-51,02/23/2009,10068-04,Investor 98
12875-68,11/06/2007,10068-04,Investor 98
12876-76,12/31/2007,10068-04,Investor 98
12878-20,07/23/2007,10068-04,Investor 98
12878-56,07/27/2009,10068-04,Investor 98
128876-50,04/01/2016,102376-00,Investor 237
12892-24,09/12/2011,10013-77;10181-17,Investor 8;Investor 196
129014-92,04/07/2016,10123-03,Investor 151
12904-93,08/25/2009,10063-72,Investor 93
129047-77,08/03/2015,105847-84,Investor 470
129118-24,11/05/2015,106067-89,Investor 795
129121-57,07/27/2015,10322-83,Investor 283
129121-66,11/06/2015,100296-28;10139-41;106088-23,Investor 38;Investor 161;Investor 822
129267-55,11/02/2015,100881-19,Investor 121
13097-98,04/23/2008,10121-86;10271-98,Investor 150;Investor 264
13128-13,08/15/2008,10171-45;10250-29,Investor 189;Investor 255
13128-67,03/06/2008,10070-83;10171-45,Investor 102;Investor 189
13130-92,07/03/2007,10019-17,Investor 16
13164-40,01/08/2008,10015-39,Investor 13
13165-30,05/14/2007,10015-39,Investor 13
13171-51,02/10/2009,10062-19,Investor 88
13171-78,11/19/2007,10062-19,Investor 88
13172-32,03/04/2008,10062-19,Investor 88
13183-84,07/30/2007,10446-40,Investor 376
13184-92,06/05/2007,10446-40,Investor 376
13187-98,10/25/2007,10538-74,Investor 431
13212-46,03/20/2007,10070-83,Investor 102
13212-91,09/20/2011,10070-83,Investor 102
13224-97,09/14/2007,105862-33;106067-17,Investor 491;Investor 793
13229-38,02/16/2007,10070-83,Investor 102
13234-24,12/24/2008,10382-32,Investor 322
13242-70,10/02/2008,10250-29,Investor 255
132493-15,01/21/2016,10130-23,Investor 152
132803-38,09/02/2016,10135-81,Investor 157
13283-11,11/14/2007,10077-85;10109-26,Investor 115;Investor 141
13283-20,08/20/2007,10077-85,Investor 115
13284-46,11/09/2007,10077-85,Investor 115
13284-73,05/22/2008,10077-85,Investor 115
13285-09,06/18/2007,10077-85,Investor 115
13285-99,09/04/2007,10077-85,Investor 115
13287-07,02/01/2007,10077-85,Investor 115
13287-43,07/08/2008,10077-85,Investor 115
13292-56,02/07/2008,10144-09;10242-91,Investor 166;Investor 245
13292-83,02/04/2008,10242-91,Investor 245
13293-82,02/14/2008,10242-91,Investor 245
133140-16,06/02/2016,104730-94,Investor 397
133154-47,10/01/2015,105890-50,Investor 531
13328-83,04/17/2008,10139-41,Investor 161
13328-92,08/15/2007,105945-22,Investor 604
13331-98,06/07/2007,10181-17,Investor 196
13354-21,05/29/2007,10364-77,Investor 311
13392-28,08/10/2007,10135-81,Investor 157
134036-02,01/19/2016,106036-21,Investor 745
134195-59,01/23/2017,104041-09,Investor 348
13431-79,06/29/2010,105859-09;106013-53,Investor 488;Investor 707
13468-33,10/14/2010,10215-73,Investor 216
134819-56,09/20/2016,10133-20,Investor 155
13488-04,07/25/2007,10607-05,Investor 800
135504-55,03/01/2015,101930-41,Investor 209
135786-79,11/29/2009,105884-65;105927-94;105930-91;106037-38;106060-60,Investor 520;Investor 575;Investor 583;Investor 748;Investor 786
135903-25,03/01/2015,106070-32,Investor 799
135950-23,04/15/2012,10322-83,Investor 283
136537-84,09/06/2016,10581-22,Investor 457
137065-51,09/07/2016,10042-21,Investor 54
138159-19,11/22/2016,10135-81,Investor 157
139907-71,12/02/2015,105884-65;106041-70;106062-40,Investor 520;Investor 755;Investor 788
14139-10,03/19/2007,10123-03;10382-41;106081-12,Investor 151;Investor 323;Investor 812
14146-93,06/25/2007,10228-51;10445-23,Investor 225;Investor 374
14181-58,07/17/2008,10123-03,Investor 151
14195-62,02/02/2010,10241-02,Investor 240
14195-89,04/01/2007,106092-64,Investor 830
14196-25,05/10/2007,10610-65,Investor 857
144234-01,02/01/2012,10322-83,Investor 283
145152-01,10/13/2016,10133-20,Investor 155
146286-28,10/12/2016,10018-18,Investor 15
14767-57,03/01/2016,10382-41,Investor 323
148076-20,10/15/2015,106072-21,Investor 804
148076-83,04/24/2015,106072-21,Investor 804
148186-27,06/24/2016,106054-30,Investor 775
148227-76,01/31/2017,102197-62;105669-19,Investor 221;Investor 444
148824-28,01/01/2015,105939-37,Investor 594
148844-98,08/13/2015,10241-02,Investor 240
148915-00,12/03/2015,105856-66;106062-40,Investor 482;Investor 788
148929-58,11/22/2016,106119-46,Investor 880
149091-85,09/25/2014,105968-71,Investor 642
149354-29,06/28/2016,105953-14;106022-53,Investor 617;Investor 726
149416-12,03/08/2016,106039-45,Investor 750
149519-89,09/17/2015,10445-23,Investor 374
149716-90,06/12/2014,106029-28;106125-76,Investor 734;Investor 890
149896-18,08/30/2016,10175-14,Investor 193
149981-41,06/08/2016,105847-84;105908-59;105983-65;106003-18;106035-94,Investor 470;Investor 554;Investor 668;Investor 693;Investor 743
149992-03,12/18/2015,106125-94,Investor 891
150076-09,09/01/2015,105830-38,Investor 459
150293-98,11/18/2015,10072-27;106063-39;106104-88,Investor 104;Investor 790;Investor 855
150350-14,12/28/2015,105928-21;105940-36,Investor 577;Investor 596
150487-75,04/08/2016,105847-12;105870-79,Investor 469;Investor 500
150516-91,08/09/2016,106015-96;106054-30,Investor 713;Investor 775
150534-73,05/30/2016,102354-67,Investor 232
150606-73,02/01/2016,10067-86,Investor 97
150645-88,10/25/2016,105876-64,Investor 508
150694-75,01/04/2017,10355-14,Investor 305
150699-07,01/04/2016,10052-20,Investor 69
150728-50,02/15/2015,105938-11,Investor 591
150953-32,12/29/2015,10249-30,Investor 252
150985-18,01/07/2016,105884-29,Investor 518
151068-88,01/31/2014,10108-09,Investor 139
151373-44,01/12/2016,10134-73;10573-75,Investor 156;Investor 446
151379-20,06/22/2016,100464-85,Investor 61
151416-91,11/11/2015,103429-54,Investor 298
151434-91,03/29/2007,105903-19,Investor 548
151522-39,04/29/2016,10463-23;105847-84,Investor 389;Investor 470
152034-67,09/28/2016,105918-31,Investor 564
152055-64,12/28/2016,10134-73,Investor 156
152216-29,01/19/2016,10242-91,Investor 245
152276-68,01/20/2016,10297-90;105847-84;105863-95,Investor 272;Investor 470;Investor 494
152287-21,10/18/2016,106054-30,Investor 775
152634-70,12/21/2015,105986-62,Investor 672
152730-82,02/12/2016,105847-84,Investor 470
152767-81,05/23/2016,10463-23,Investor 389
152840-08,01/01/2016,10322-83,Investor 283
152862-67,09/12/2014,105971-86,Investor 647
153082-72,09/25/2015,105847-84,Investor 470
153145-27,05/15/2015,105886-27,Investor 523
153151-93,07/05/2016,10463-23,Investor 389
153230-95,02/05/2016,105940-36;106083-64,Investor 596;Investor 816
153351-46,11/23/2016,10134-73;10352-89;10560-70,Investor 156;Investor 302;Investor 438
153418-96,11/01/2014,101911-69,Investor 206
153441-91,02/09/2016,106020-28,Investor 721
153476-11,11/02/2015,106049-71,Investor 769
153477-28,02/09/2016,10075-78,Investor 112
153484-75,04/01/2009,10070-83;10573-75,Investor 102;Investor 446
153812-26,02/16/2016,106054-30,Investor 775
153899-74,02/17/2016,10051-21,Investor 68
154272-79,08/02/2016,10322-83,Investor 283
154389-34,01/01/2016,100881-19;102495-16,Investor 121;Investor 254
154775-53,07/11/2016,105903-19;106052-23,Investor 548;Investor 772
154809-46,06/01/2015,10123-03,Investor 151
154810-81,12/07/2015,10123-03,Investor 151
154896-76,12/07/2016,105501-25,Investor 433
154935-91,03/03/2016,10062-19,Investor 88
155069-47,06/02/2016,10049-14,Investor 66
155086-21,06/14/2016,102495-16,Investor 254
155092-06,05/12/2016,105993-28,Investor 681
155107-63,12/21/2016,105884-65;106117-84,Investor 520;Investor 874
155119-06,10/10/2016,106125-13,Investor 888
155179-27,09/19/2016,10345-78,Investor 299
155181-43,09/15/2016,10139-41,Investor 161
155190-16,03/09/2016,10072-27;106015-06,Investor 104;Investor 711
155286-01,09/17/2015,105876-55,Investor 507
155323-99,03/10/2016,106029-28,Investor 734
155356-84,03/10/2016,104549-23,Investor 382
155451-79,05/03/2016,10133-20;105848-56;105913-27,Investor 155;Investor 472;Investor 557
155538-01,09/15/2016,105950-17,Investor 612
155618-02,02/01/2016,105863-23,Investor 493
155798-29,07/28/2016,104345-02,Investor 369
155808-64,12/05/2015,105863-95,Investor 494
155871-28,12/19/2016,105885-46,Investor 521
155877-67,11/30/2015,10560-70,Investor 438
155925-46,03/23/2016,105857-20,Investor 484
155945-17,06/03/2016,105884-65;105977-62,Investor 520;Investor 659
155951-02,12/04/2015,103264-75,Investor 288
155954-35,05/12/2016,105857-20;106035-13;106041-70;106114-06,Investor 484;Investor 742;Investor 755;Investor 866
155954-98,12/28/2016,10139-41,Investor 161
156015-91,10/20/2016,102376-00,Investor 237
156031-93,01/27/2017,106022-53,Investor 726
156244-06,12/01/2015,101626-39,Investor 179
156352-60,10/06/2016,106060-60,Investor 786
156382-03,02/15/2017,10134-73,Investor 156
156489-76,07/25/2016,10023-13,Investor 24
156598-39,02/09/2017,10042-21;102645-82,Investor 54;Investor 259
156662-47,04/06/2016,10134-73,Investor 156
156742-75,07/27/2016,10135-81,Investor 157
156743-11,01/18/2017,10139-41,Investor 161
156788-47,04/07/2016,10241-02,Investor 240
156919-15,08/01/2015,106100-92,Investor 844
157119-49,04/07/2016,10453-33,Investor 380
157222-63,07/26/2016,106083-64,Investor 816
157319-83,12/15/2014,106114-06,Investor 866
157413-88,10/19/2016,10139-41;10463-23,Investor 161;Investor 389
157889-44,03/01/2015,104710-42,Investor 394
157893-67,09/21/2015,103272-40,Investor 289
157911-85,04/22/2016,105863-23,Investor 493
158106-07,07/12/2016,10522-18,Investor 425
158561-29,05/05/2016,105847-12,Investor 469
158591-89,05/05/2016,106063-39,Investor 790
158710-33,05/09/2016,10139-41,Investor 161
158754-43,05/10/2016,10133-20;106040-17,Investor 155;Investor 752
158792-77,06/01/2015,106031-62;106102-00,Investor 738;Investor 848
158995-90,10/01/2012,106120-99,Investor 881
158999-32,06/28/2016,106037-38,Investor 748
159165-91,05/17/2016,106093-99,Investor 835
159360-85,05/19/2016,10453-96,Investor 381
159415-03,05/19/2016,10463-23,Investor 389
160000-12,09/01/2015,10139-41,Investor 161
160217-83,07/14/2016,105894-55;106116-76,Investor 539;Investor 871
160218-82,07/22/2016,105859-36;106012-27;106035-13;106052-23;106125-94,Investor 489;Investor 706;Investor 742;Investor 772;Investor 891
160316-20,02/01/2016,105977-62,Investor 659
160384-24,05/27/2016,10134-73,Investor 156
160529-59,12/20/2015,10464-31,Investor 391
160538-86,06/01/2016,10373-86,Investor 317
160606-54,06/01/2016,106114-06,Investor 866
160936-66,06/07/2016,10357-21,Investor 308
161209-18,02/03/2016,10134-73,Investor 156
161550-55,10/20/2014,10366-57,Investor 313
161883-46,04/04/2016,10139-41,Investor 161
162335-08,07/07/2016,10123-03,Investor 151
162339-13,07/07/2016,10123-03,Investor 151
162645-40,07/14/2016,10014-49;101642-77,Investor 10;Investor 181
162754-03,06/01/2016,10357-03,Investor 307
162977-05,06/01/2016,100927-99,Investor 126
163223-02,01/03/2017,10123-03,Investor 151
163256-14,12/09/2016,105986-71;106012-27,Investor 673;Investor 706
163570-96,08/02/2016,105967-00,Investor 639
163658-80,02/01/2016,103211-47,Investor 282
163805-32,10/09/2016,106004-26;106063-66,Investor 694;Investor 791
163845-10,02/01/2016,103211-47,Investor 282
163944-28,07/01/2014,10123-03,Investor 151
164313-37,07/12/2016,10242-91;104134-87,Investor 245;Investor 357
164355-31,12/01/2016,106041-70,Investor 755
164409-94,08/01/2016,100532-62,Investor 71
165934-27,12/01/2015,105847-84,Investor 470
166264-75,09/12/2016,105887-17,Investor 525
166306-78,09/26/2016,10052-20;10156-69,Investor 69;Investor 174
166330-00,07/01/2015,105968-71;105993-28;106035-13,Investor 642;Investor 681;Investor 742
166360-06,10/22/2016,10123-03,Investor 151
166514-50,11/14/2016,105928-21,Investor 577
166725-73,09/22/2016,100328-50,Investor 40
166769-29,02/07/2017,10141-57,Investor 164
166949-65,10/06/2016,10109-26,Investor 141
167096-35,11/30/2016,105928-21,Investor 577
167110-66,11/18/2016,10075-78,Investor 112
167134-06,10/21/2016,106022-53;106085-44,Investor 726;Investor 819
167347-09,10/19/2016,105915-97,Investor 561
167364-55,10/20/2016,10139-41,Investor 161
167624-92,11/07/2016,102376-00;105885-46,Investor 237;Investor 521
167819-86,11/01/2016,106067-17,Investor 793
167867-83,11/02/2016,10123-03,Investor 151
167959-27,11/03/2016,10123-03,Investor 151
168018-58,07/29/2016,101642-77,Investor 181
168227-92,11/16/2016,10134-73,Investor 156
168265-18,11/17/2016,10139-41,Investor 161
168282-19,11/17/2016,10022-14,Investor 23
168429-25,11/23/2016,105863-23,Investor 493
168555-61,11/30/2016,10241-02,Investor 240
168599-89,11/18/2016,10134-73,Investor 156
168630-40,11/29/2016,10051-21,Investor 68
168660-91,11/28/2016,105953-14,Investor 617
168709-51,12/06/2016,10156-69,Investor 174
168888-25,02/17/2016,105884-29;106007-68,Investor 518;Investor 699
169113-07,01/01/2014,10139-41,Investor 161
169257-52,12/19/2016,105858-55;106054-39,Investor 486;Investor 776
169329-52,08/28/2015,10039-51,Investor 52
169520-77,09/23/2016,101903-14,Investor 205
169793-83,01/17/2017,10195-75,Investor 211
169826-86,01/18/2017,10212-22,Investor 213
169866-82,01/19/2017,10134-73,Investor 156
170162-74,01/31/2017,10135-81,Investor 157
170321-05,02/07/2017,10052-20,Investor 69
170362-99,02/08/2017,10134-73,Investor 156
25261-30,11/25/2008,10052-20;10133-20,Investor 69;Investor 155
25305-58,10/05/2009,10181-17,Investor 196
26857-00,04/25/2007,10052-20,Investor 69
40424-95,03/16/2007,10442-62,Investor 371
40437-91,03/26/2009,10109-26,Investor 141
40461-04,10/28/2008,10241-02,Investor 240
40646-08,03/09/2009,10135-81,Investor 157
40647-61,01/08/2009,10236-43,Investor 234
40680-10,05/16/2007,10043-83,Investor 56
40694-86,04/06/2010,106052-68,Investor 773
40698-73,08/15/2007,106099-03,Investor 842
40699-45,10/16/2007,101325-97;105848-38;105949-99;106014-88;106099-03,Investor 154;Investor 471;Investor 611;Investor 710;Investor 842
40701-25,03/12/2007,10134-73,Investor 156
40723-66,11/30/2007,10156-69,Investor 174
40723-75,06/30/2010,10156-69,Investor 174
40727-71,07/01/2009,105872-95;106104-79,Investor 502;Investor 854
40734-46,07/30/2008,10043-83,Investor 56
40843-09,07/09/2007,10134-73,Investor 156
40843-54,09/20/2007,105945-22,Investor 604
40843-81,02/01/2008,105893-83,Investor 537
40844-71,06/24/2009,10335-25,Investor 294
40846-96,08/08/2008,106111-63,Investor 861
40847-95,09/01/2010,106029-55,Investor 735
40993-21,01/04/2007,10048-33,Investor 65
41116-87,06/14/2011,105929-65,Investor 582
41319-28,02/04/2008,10242-91,Investor 245
41629-15,04/08/2011,10052-20;105965-56;105976-54;106079-23,Investor 69;Investor 637;Investor 657;Investor 811
41699-35,09/12/2007,10482-49,Investor 409
41728-33,02/25/2008,106054-30,Investor 775
42156-82,04/06/2010,10241-02;10521-46,Investor 240;Investor 423
42161-59,10/30/2008,10134-73,Investor 156
42161-86,01/16/2008,10172-53,Investor 191
42161-95,01/03/2008,10445-23,Investor 374
42162-76,01/12/2010,10241-02,Investor 240
42166-99,02/01/2008,10181-17,Investor 196
42199-57,07/01/2009,10137-79,Investor 159
42200-02,09/17/2008,10133-20,Investor 155
42213-25,01/15/2008,105945-22;106030-63;106036-75;106062-40,Investor 604;Investor 737;Investor 747;Investor 788
42226-12,07/28/2010,10123-03;106116-94;106118-02,Investor 151;Investor 872;Investor 876
42226-75,09/07/2007,106072-21,Investor 804
42281-83,08/21/2008,10141-66,Investor 165
42444-64,03/31/2008,10154-71,Investor 172
42462-19,01/11/2010,10121-86,Investor 150
42487-66,08/26/2014,10123-03,Investor 151
42514-66,12/10/2009,10133-20,Investor 155
42533-02,08/28/2016,10331-11,Investor 291
42705-19,02/05/2008,10181-17;10215-64,Investor 196;Investor 215
42705-55,02/12/2007,10181-17,Investor 196
42706-36,05/22/2007,10181-17,Investor 196
42706-63,09/01/2007,105847-84;105927-94;106114-06;106116-94,Investor 470;Investor 575;Investor 866;Investor 872
42707-08,01/19/2007,10181-17,Investor 196
42708-16,06/30/2011,10181-17,Investor 196
42709-33,01/01/2008,10052-20;10181-17,Investor 69;Investor 196
42709-51,02/04/2008,10181-17;10215-64,Investor 196;Investor 215
42709-60,05/27/2009,10181-17,Investor 196
42710-14,05/06/2007,10181-17,Investor 196
42710-23,12/07/2007,10181-17,Investor 196
42710-50,06/19/2008,10181-17,Investor 196
42710-59,02/09/2009,10181-17,Investor 196
42711-04,02/04/2010,10181-17;10241-02,Investor 196;Investor 240
42730-84,06/29/2007,10236-43,Investor 234
42730-93,03/14/2007,10236-43,Investor 234
42731-11,10/10/2008,10022-14;10236-43,Investor 23;Investor 234
42731-20,11/12/2008,10236-43,Investor 234
42731-38,02/11/2008,10236-43,Investor 234
42734-98,06/21/2007,10068-22,Investor 99
42753-34,05/06/2008,105950-17;105980-23;106036-12,Investor 612;Investor 664;Investor 744
42778-54,03/10/2008,10070-83,Investor 102
42782-05,03/12/2008,10139-41;105950-17;106036-12;106092-73,Investor 161;Investor 612;Investor 744;Investor 831
42805-54,01/09/2008,10109-26,Investor 141
42831-10,10/17/2009,10444-24;10573-75;10581-22,Investor 373;Investor 446;Investor 457
42831-28,08/09/2012,10446-40,Investor 376
42858-19,01/01/2011,10322-83,Investor 283
42859-18,04/09/2010,10573-75;105965-56;106054-39;106081-66,Investor 446;Investor 637;Investor 776;Investor 813
42867-64,06/10/2008,10117-54,Investor 147
42873-22,11/23/2009,10079-56,Investor 116
42900-76,05/01/2007,10237-24,Investor 235
42902-56,08/23/2007,10070-83;10139-41,Investor 102;Investor 161
42921-19,03/27/2013,10135-81,Investor 157
42923-44,04/01/2010,10139-41;105974-83;105984-19,Investor 161;Investor 654;Investor 670
42936-40,09/27/2013,10339-57;10446-40,Investor 297;Investor 376
42954-13,09/20/2008,106072-21,Investor 804
43006-24,06/01/2007,106007-68,Investor 699
43007-23,05/26/2010,10446-40,Investor 376
43007-68,09/03/2008,10068-04,Investor 98
43008-40,03/10/2011,10509-85,Investor 422
43012-63,05/27/2010,10052-20;105893-83;105986-62;106067-89,Investor 69;Investor 537;Investor 672;Investor 795
43012-72,10/01/2008,106085-44,Investor 819
43016-32,06/01/2009,105940-36;106009-93,Investor 596;Investor 703
43016-41,02/16/2010,105940-36,Investor 596
43016-50,04/29/2010,105864-94;105928-21;105940-36,Investor 496;Investor 577;Investor 596
43016-59,12/04/2009,105940-36,Investor 596
43019-92,06/02/2010,10123-03,Investor 151
43020-91,01/04/2008,105949-99;106047-73,Investor 611;Investor 765
43024-69,08/15/2008,105930-91;106014-88,Investor 583;Investor 710
43028-11,06/02/2010,106015-42,Investor 712
43028-65,10/13/2009,10048-33,Investor 65
43031-26,02/26/2011,10062-19,Investor 88
43035-67,10/14/2009,105972-49,Investor 649
43037-02,01/27/2010,10077-85;10437-94;10507-24,Investor 115;Investor 370;Investor 420
43043-68,06/08/2010,10334-35,Investor 293
43054-03,12/11/2008,10135-81,Investor 157
43054-57,07/28/2009,10461-25,Investor 387
43063-39,08/22/2008,10052-20,Investor 69
43080-49,03/22/2010,10133-20;105943-87;105984-19;106104-88,Investor 155;Investor 602;Investor 670;Investor 855
43080-76,05/19/2010,106040-17,Investor 752
43081-03,06/14/2010,10052-20;105915-97;106093-90,Investor 69;Investor 561;Investor 834
43081-84,06/15/2010,10242-91,Investor 245
43089-40,06/18/2010,10052-20,Investor 69
43089-49,06/15/2010,10133-20,Investor 155
43096-87,09/12/2009,105891-31;105949-45,Investor 535;Investor 610
43099-57,04/27/2009,106072-21,Investor 804
43104-88,07/11/2007,105927-94;105939-37;106040-17;106060-33;106120-99;106124-86,Investor 575;Investor 594;Investor 752;Investor 785;Investor 881;Investor 887
43104-97,12/02/2009,105927-94;106007-68;106015-06;106060-33;106067-89;106104-88,Investor 575;Investor 699;Investor 711;Investor 785;Investor 795;Investor 855
43105-06,06/01/2009,105859-09;106007-68,Investor 488;Investor 699
43105-15,08/19/2009,105927-94,Investor 575
43105-24,03/05/2010,105872-14;106007-68,Investor 501;Investor 699
43107-94,12/31/2013,10322-83,Investor 283
43114-06,11/07/2007,10139-41,Investor 161
43117-93,06/24/2010,105945-22;106039-72;106040-17,Investor 604;Investor 751;Investor 752
43120-09,05/15/2009,106007-68;106033-87;106067-89;106128-19,Investor 699;Investor 740;Investor 795;Investor 894
43122-70,06/28/2010,10322-83;105897-16,Investor 283;Investor 541
43127-20,03/14/2008,10048-15,Investor 64
43127-29,06/24/2008,10037-35,Investor 48
43127-83,01/17/2013,10139-41,Investor 161
43128-46,09/04/2009,106002-10;106030-63;106067-89;106118-02;106120-99;106128-19,Investor 691;Investor 737;Investor 795;Investor 876;Investor 881;Investor 894
43128-64,12/19/2007,106118-02,Investor 876
43128-82,03/30/2009,105893-83;105927-94;105955-84;105976-18;105983-02;106007-68;106013-53;106014-88;106047-64;106099-03;106104-88;106118-02,Investor 537;Investor 575;Investor 622;Investor 656;Investor 665;Investor 699;Investor 707;Investor 710;Investor 764;Investor 842;Investor 855;Investor 876
43129-45,04/14/2008,105924-61;106124-86,Investor 572;Investor 887
43130-89,06/29/2010,10232-83,Investor 230
43133-32,02/09/2007,10146-16,Investor 167
43133-77,06/28/2010,105891-31;106054-30;106067-89;106113-34;106114-06;106124-86,Investor 535;Investor 775;Investor 795;Investor 864;Investor 866;Investor 887
43139-44,06/28/2007,10461-25,Investor 387
43208-47,07/09/2008,106035-13;106036-12;106049-26;106111-63,Investor 742;Investor 744;Investor 768;Investor 861
43225-39,02/24/2009,10241-02,Investor 240
43431-94,08/27/2008,10444-24,Investor 373
43642-36,10/06/2009,104140-63,Investor 358
43643-08,02/01/2010,10139-41,Investor 161
43652-98,07/06/2009,105949-99,Investor 611
44067-61,07/08/2010,10181-17,Investor 196
44068-06,05/03/2011,10123-03;10506-97,Investor 151;Investor 419
44068-51,12/15/2009,10134-73,Investor 156
44068-78,09/01/2009,105980-23;106036-75;106092-64,Investor 664;Investor 747;Investor 830
44069-23,07/06/2010,105916-06;106052-68;106123-24,Investor 562;Investor 773;Investor 884
44459-83,04/05/2007,10302-76,Investor 273
44459-92,01/25/2010,10123-03;105847-84;106007-68;106081-12,Investor 151;Investor 470;Investor 699;Investor 812
44791-21,07/21/2008,10022-14;10357-03;106102-00,Investor 23;Investor 307;Investor 848
44794-00,09/23/2010,106072-21,Investor 804
44794-54,07/21/2009,105950-17,Investor 612
44795-17,07/13/2010,10139-41,Investor 161
45247-78,07/14/2010,106119-28,Investor 879
45248-14,01/01/2010,105945-22,Investor 604
45248-32,07/14/2010,106124-86,Investor 887
45284-86,02/07/2007,10109-26,Investor 141
45710-11,03/30/2009,106104-88,Investor 855
45710-29,06/23/2009,105949-45,Investor 610
45723-43,07/12/2010,10228-51,Investor 225
46192-24,07/20/2010,10135-81,Investor 157
46487-62,11/05/2007,10385-20,Investor 325
46487-80,08/11/2014,10404-28,Investor 349
46488-25,07/21/2010,105883-84;106033-87;106104-88,Investor 517;Investor 740;Investor 855
46778-95,02/22/2012,10366-57,Investor 313
46779-22,01/29/2010,105918-31;106033-87;106070-32,Investor 564;Investor 740;Investor 799
47292-13,06/22/2007,10215-64,Investor 215
47448-64,12/18/2009,10446-40,Investor 376
47555-11,01/27/2009,10146-16,Investor 167
47555-65,07/02/2010,10042-21,Investor 54
47660-41,07/28/2010,10364-77;10382-32,Investor 311;Investor 322
47661-40,08/30/2007,10241-02,Investor 240
47662-84,07/18/2008,106014-88,Investor 710
48175-57,07/26/2010,10068-04,Investor 98
48177-01,07/26/2010,10133-20;10134-73;105967-00;106092-64;106128-19,Investor 155;Investor 156;Investor 639;Investor 830;Investor 894
48550-60,06/29/2009,105894-55;105945-22;106054-39;106116-76,Investor 539;Investor 604;Investor 776;Investor 871
48551-41,08/16/2007,10133-20,Investor 155
48702-61,08/02/2010,10133-20;105847-84;105884-65;105947-47;105976-18;106008-13;106021-81;106029-64;106054-30;106060-33;106070-32;106076-35;106081-12,Investor 155;Investor 470;Investor 520;Investor 606;Investor 656;Investor 700;Investor 725;Investor 736;Investor 775;Investor 785;Investor 799;Investor 809;Investor 812
49063-96,10/10/2008,10134-73,Investor 156
49064-05,05/04/2011,105927-94;105976-18;106070-32;106124-86,Investor 575;Investor 656;Investor 799;Investor 887
49064-14,01/18/2011,10109-26;106060-33;106104-88,Investor 141;Investor 785;Investor 855
49064-77,06/27/2007,10135-81,Investor 157
49065-58,10/06/2011,105990-40,Investor 677
49065-76,11/10/2010,105893-83;105976-18,Investor 537;Investor 656
49067-20,06/16/2009,10133-20,Investor 155
49310-74,08/03/2010,105976-18;106081-12;106104-43,Investor 656;Investor 812;Investor 852
49312-54,03/21/2011,106107-22;106113-43;106123-24,Investor 858;Investor 865;Investor 884
49312-81,04/26/2012,10322-83,Investor 283
49777-39,08/04/2010,106113-43,Investor 865
49778-74,12/01/2008,10052-20,Investor 69
50836-60,08/12/2010,105854-23;106081-12,Investor 481;Investor 812
50838-04,02/19/2009,10020-07,Investor 19
50838-67,02/16/2011,10463-23,Investor 389
50844-52,12/24/2009,105948-01;105976-18;106019-47;106054-30;106104-88;106122-79,Investor 607;Investor 656;Investor 718;Investor 775;Investor 855;Investor 883
50847-67,03/24/2010,10588-96,Investor 529
50848-66,08/01/2008,10133-20;106128-19,Investor 155;Investor 894
50848-93,08/16/2010,10133-20,Investor 155
50857-03,08/22/2007,10133-20,Investor 155
50857-75,08/20/2010,105883-84;105929-20;105976-18;105986-62;106036-75,Investor 517;Investor 580;Investor 656;Investor 672;Investor 747
50877-91,08/25/2010,105929-56,Investor 581
50878-18,03/27/2008,10135-81,Investor 157
50879-89,09/19/2007,10215-64;105975-37,Investor 215;Investor 655
50880-34,08/19/2010,105949-99,Investor 611
50883-49,08/20/2010,106047-73,Investor 765
50885-47,02/05/2007,10444-24,Investor 373
50886-37,06/17/2009,106104-88,Investor 855
50889-70,01/01/2009,105893-83,Investor 537
50894-02,08/24/2010,10052-20,Investor 69
50894-65,08/23/2010,105880-24;105939-37;106053-40;106093-90,Investor 512;Investor 594;Investor 774;Investor 834
50900-50,12/03/2009,105872-14;106002-10;106021-09;106043-77;106067-89;106091-65;106104-88;106116-94,Investor 501;Investor 691;Investor 724;Investor 759;Investor 795;Investor 828;Investor 855;Investor 872
50904-28,08/27/2010,10133-20;105893-83;105916-06;105976-18;106054-39;106124-86,Investor 155;Investor 537;Investor 562;Investor 656;Investor 776;Investor 887
50909-50,08/25/2010,105952-33;106013-53;106113-43,Investor 615;Investor 707;Investor 865
50914-63,08/30/2010,10123-03,Investor 151
50915-08,09/07/2010,10013-32,Investor 7
50920-12,07/13/2011,10135-81,Investor 157
50922-91,08/31/2010,10146-16,Investor 167
50925-61,09/01/2010,105847-84;105859-09;106007-68;106013-53;106091-65,Investor 470;Investor 488;Investor 699;Investor 707;Investor 828
50927-41,12/22/2010,106072-21,Investor 804
50938-66,09/01/2010,105913-27;106014-88;106067-89;106070-32;106107-22,Investor 557;Investor 710;Investor 795;Investor 799;Investor 858
50941-36,06/04/2009,10037-80,Investor 50
50945-32,04/27/2009,10163-71,Investor 180
50955-76,07/15/2009,10228-51,Investor 225
50958-91,05/01/2009,105921-46,Investor 569
50962-24,05/31/2009,105916-06,Investor 562
50965-93,09/26/2007,10241-02,Investor 240
50970-25,05/01/2007,10179-01;106104-88,Investor 195;Investor 855
50972-59,01/01/2010,105848-38;105893-83;105894-55;105901-66;105924-61;105927-94;105929-20;105983-38;105986-71;105999-22;106015-96;106039-72;106041-70;106053-40;106069-96;106091-65;106092-64;106093-90;106123-24,Investor 471;Investor 537;Investor 539;Investor 546;Investor 572;Investor 575;Investor 580;Investor 666;Investor 673;Investor 686;Investor 713;Investor 751;Investor 755;Investor 774;Investor 798;Investor 828;Investor 830;Investor 834;Investor 884
50981-95,01/06/2010,105893-83;106049-26;106052-23,Investor 537;Investor 768;Investor 772
50982-22,01/31/2007,105986-71,Investor 673
50982-94,10/10/2008,106009-93;106036-12,Investor 703;Investor 744
50984-92,04/01/2008,10228-51;10241-02,Investor 225;Investor 240
50985-01,06/17/2010,10228-51;10241-02,Investor 225;Investor 240
50987-26,04/01/2009,10077-85;106013-53,Investor 115;Investor 707
50995-81,02/21/2008,10043-83,Investor 56
50996-98,09/17/2010,106070-32;106113-43,Investor 799;Investor 865
51000-31,04/14/2011,10052-20,Investor 69
51000-67,05/10/2010,106009-93;106070-32,Investor 703;Investor 799
51002-83,09/20/2010,10156-69,Investor 174
51003-28,09/15/2010,10139-41;105848-92;105927-94;105967-00;105977-62;106035-94;106036-75;106048-18;106053-40;106070-77;106092-19;106119-46;106128-19,Investor 161;Investor 473;Investor 575;Investor 639;Investor 659;Investor 743;Investor 747;Investor 767;Investor 774;Investor 801;Investor 829;Investor 880;Investor 894
51006-61,05/07/2010,10123-03;10139-41;105927-94;106060-33,Investor 151;Investor 161;Investor 575;Investor 785
51006-88,10/15/2011,105864-94;105869-08;105876-64;105880-24;105893-83;105947-47;105974-65;105983-47;106009-93;106029-55;106035-94;106081-12;106091-56;106092-64;106113-34;106124-41,Investor 496;Investor 497;Investor 508;Investor 512;Investor 537;Investor 606;Investor 653;Investor 667;Investor 703;Investor 735;Investor 743;Investor 812;Investor 827;Investor 830;Investor 864;Investor 886
51010-39,12/12/2009,10047-34,Investor 63
51010-75,01/01/2008,105884-65;105891-31;105949-45;105967-00;105976-18;106054-39;106060-60;106113-34;106128-19,Investor 520;Investor 535;Investor 610;Investor 639;Investor 656;Investor 776;Investor 786;Investor 864;Investor 894
51020-92,01/09/2007,10123-03,Investor 151
51025-15,09/16/2010,10135-81,Investor 157
51025-33,09/23/2008,10052-20,Investor 69
51029-92,12/09/2010,105983-02,Investor 665
51040-72,10/25/2008,105945-22;106049-26,Investor 604;Investor 768
51043-42,03/03/2008,10134-73,Investor 156
51044-14,02/02/2012,10215-64,Investor 215
51057-46,09/28/2010,105955-84;106049-26;106070-32;106072-21;106099-03;106113-43,Investor 622;Investor 768;Investor 799;Investor 804;Investor 842;Investor 865
51069-34,09/30/2010,10075-78,Investor 112
51071-77,02/29/2008,106030-63;106104-88,Investor 737;Investor 855
51073-39,10/05/2010,105891-13;106081-66,Investor 534;Investor 813
51074-29,05/10/2007,10068-04,Investor 98
51074-74,09/29/2010,10181-17,Investor 196
51081-31,02/07/2011,105857-20;105930-91;105972-94;106015-96;106033-87;106035-94;106045-12;106054-30;106122-79,Investor 484;Investor 583;Investor 650;Investor 713;Investor 740;Investor 743;Investor 760;Investor 775;Investor 883
51081-40,05/22/2007,105950-17,Investor 612
51090-94,12/10/2011,105862-33;105929-20;105976-18;105985-63;105986-62;106019-74;106038-10;106045-12;106057-18;106076-35;106101-28;106118-74;106123-24;106124-41;106126-84,Investor 491;Investor 580;Investor 656;Investor 671;Investor 672;Investor 719;Investor 749;Investor 760;Investor 781;Investor 809;Investor 845;Investor 878;Investor 884;Investor 886;Investor 893
51113-89,10/13/2010,10581-22,Investor 457
51114-52,10/13/2010,10136-62;10521-46,Investor 158;Investor 423
51119-47,09/19/2008,10052-20,Investor 69
51121-36,01/27/2010,10446-40,Investor 376
51121-72,10/10/2007,10052-20,Investor 69
51121-81,02/25/2015,10242-91,Investor 245
51121-99,04/07/2008,10446-40;10602-46,Investor 376;Investor 730
51122-80,01/01/2010,105857-20;106015-42;106019-74;106054-30;106067-89;106097-68;106122-79,Investor 484;Investor 712;Investor 719;Investor 775;Investor 795;Investor 839;Investor 883
51123-61,06/23/2009,10250-29,Investor 255
51127-39,03/29/2007,10463-23,Investor 389
51127-75,10/16/2008,10109-26,Investor 141
51128-20,12/17/2008,10446-40,Investor 376
51129-91,10/30/2007,10043-83,Investor 56
51130-99,01/01/2009,10228-51;10241-02,Investor 225;Investor 240
51136-75,02/14/2011,105847-84;105853-51;105883-84;105884-65;105939-37;105943-87;105983-38;106036-75;106060-33;106060-60;106128-19,Investor 470;Investor 480;Investor 517;Investor 520;Investor 594;Investor 602;Investor 666;Investor 747;Investor 785;Investor 786;Investor 894
51140-44,08/05/2008,106054-39;106104-88,Investor 776;Investor 855
51145-39,09/01/2007,10139-41;105880-24;105884-29;105894-55;105901-66;105927-94,Investor 161;Investor 512;Investor 518;Investor 539;Investor 546;Investor 575
51145-57,04/01/2007,105945-22,Investor 604
51146-92,12/24/2008,10139-41;105991-75,Investor 161;Investor 678
51147-37,10/14/2007,105847-12;105939-37;106069-96;106070-77;106093-90;106111-63,Investor 469;Investor 594;Investor 798;Investor 801;Investor 834;Investor 861
51147-64,01/24/2008,10459-81,Investor 385
51148-18,09/24/2007,105856-66;105955-84;105983-02;106014-88;106062-40;106099-03;106104-88,Investor 482;Investor 622;Investor 665;Investor 710;Investor 788;Investor 842;Investor 855
51148-90,10/26/2009,105872-14;105928-75;106067-89;106104-88,Investor 501;Investor 579;Investor 795;Investor 855
51149-53,06/01/2009,105945-22;106124-86;106128-19,Investor 604;Investor 887;Investor 894
51155-02,07/08/2009,106128-19,Investor 894
51155-11,02/10/2009,105924-61;106011-46;106049-26,Investor 572;Investor 705;Investor 768
51161-86,10/23/2008,105988-60,Investor 674
51164-83,05/03/2010,106031-62,Investor 738
51165-10,03/08/2012,10133-20;105916-06;106067-89,Investor 155;Investor 562;Investor 795
51165-19,06/23/2009,105928-75;105955-84;106014-88;106099-03,Investor 579;Investor 622;Investor 710;Investor 842
51169-33,04/13/2015,10161-37,Investor 178
51180-67,10/15/2007,10052-20,Investor 69
51188-32,03/31/2008,10133-20,Investor 155
51192-01,10/22/2010,10133-20;105862-33;106015-06;106068-25,Investor 155;Investor 491;Investor 711;Investor 796
51196-51,03/16/2009,10139-41;105942-43;105983-65;106092-64,Investor 161;Investor 600;Investor 668;Investor 830
51201-19,10/27/2010,105847-84,Investor 470
51201-28,10/27/2010,105943-87,Investor 602
51203-26,10/20/2010,106098-04,Investor 841
51205-06,10/28/2010,10134-73;10195-75,Investor 156;Investor 211
51206-05,08/18/2011,10139-41;105851-98;105863-23;105907-15;105927-94;106060-33,Investor 161;Investor 478;Investor 493;Investor 553;Investor 575;Investor 785
51206-14,10/27/2010,105927-94;106123-24,Investor 575;Investor 884
51207-49,11/03/2009,105891-04,Investor 533
51207-94,08/16/2011,10139-41;106029-64,Investor 161;Investor 736
51213-16,05/18/2010,105984-19,Investor 670
51219-91,10/15/2008,10367-47,Investor 314
51222-43,01/09/2007,106116-94,Investor 872
51223-33,04/24/2007,106030-63;106104-88;106111-63,Investor 737;Investor 855;Investor 861
51224-14,07/21/2008,105901-66;105950-17;106008-13;106036-12;106111-63,Investor 546;Investor 612;Investor 700;Investor 744;Investor 861
51225-22,11/03/2010,10146-16,Investor 167
51225-40,11/03/2010,10134-73,Investor 156
51228-55,06/19/2007,10134-73,Investor 156
51228-82,04/15/2007,105955-03;105983-65;106039-72;106104-88;106124-86,Investor 620;Investor 668;Investor 751;Investor 855;Investor 887
51229-90,08/27/2009,106049-26;106072-21,Investor 768;Investor 804
51230-71,07/01/2007,106104-88,Investor 855
51232-87,05/03/2015,106072-21,Investor 804
51237-46,11/04/2010,10052-20,Investor 69
51238-36,05/01/2008,106049-71,Investor 769
51239-53,11/03/2010,10139-41;106029-28,Investor 161;Investor 734
51240-88,01/07/2008,106072-21,Investor 804
51241-78,03/01/2007,106062-40,Investor 788
51242-23,07/16/2007,105976-18;106015-42;106072-21,Investor 656;Investor 712;Investor 804
51242-41,08/08/2007,10382-32,Investor 322
51242-86,12/01/2007,106076-35,Investor 809
51243-85,02/23/2012,10331-11,Investor 291
51244-66,01/14/2010,10144-09;10242-91,Investor 166;Investor 245
51245-11,04/02/2007,10463-23,Investor 389
51247-99,08/14/2009,105928-30;106104-88,Investor 578;Investor 855
51248-08,07/01/2012,106113-34,Investor 864
51248-80,11/01/2007,106052-68,Investor 773
51251-68,11/09/2010,105986-62;106011-46;106128-19,Investor 672;Investor 705;Investor 894
51251-95,03/13/2008,106035-13,Investor 742
51252-40,09/09/2009,10322-83,Investor 283
51252-67,09/12/2008,105901-66,Investor 546
51252-85,07/25/2008,10139-41;10382-32,Investor 161;Investor 322
51252-94,07/18/2007,10123-03,Investor 151
51253-12,11/03/2010,105928-21;105940-36;105976-18;106128-19,Investor 577;Investor 596;Investor 656;Investor 894
51255-46,02/20/2007,10052-20;105965-56;106104-88;106124-86,Investor 69;Investor 637;Investor 855;Investor 887
51257-80,04/12/2010,105851-98,Investor 478
51258-07,03/01/2009,10134-73;105893-83,Investor 156;Investor 537
51260-86,11/11/2010,105943-87;106092-64,Investor 602;Investor 830
51261-04,08/01/2008,10052-20;105847-12;106039-72;106047-64;106081-66,Investor 69;Investor 469;Investor 751;Investor 764;Investor 813
51261-22,02/11/2008,10052-20,Investor 69
51261-67,04/01/2009,105847-12;105894-55;105927-94;105983-38;106041-70;106093-90,Investor 469;Investor 539;Investor 575;Investor 666;Investor 755;Investor 834
51262-03,02/03/2010,10139-41;10181-17;106067-89,Investor 161;Investor 196;Investor 795
51265-90,09/23/2008,106081-12,Investor 812
51269-95,10/19/2007,105848-56;106008-13;106060-33,Investor 472;Investor 700;Investor 785
51270-13,11/11/2010,105915-97;106015-42,Investor 561;Investor 712
51274-09,11/16/2010,10134-73,Investor 156
51276-97,06/03/2010,106038-10,Investor 749
51277-60,11/11/2010,105924-25,Investor 571
51283-54,01/01/2010,10052-20;105857-20;105893-83;105924-61;105930-91;106007-68;106033-87;106041-70;106054-30;106067-89;106104-88;106122-79;106128-19,Investor 69;Investor 484;Investor 537;Investor 572;Investor 583;Investor 699;Investor 740;Investor 755;Investor 775;Investor 795;Investor 855;Investor 883;Investor 894
51289-75,11/18/2010,105535-18;105955-84;105977-62;106035-94;106128-19,Investor 436;Investor 622;Investor 659;Investor 743;Investor 894
51292-99,11/01/2007,10228-51,Investor 225
51293-98,11/22/2010,10074-61,Investor 108
51298-48,11/17/2010,105967-00;105983-38;106019-47;106041-70;106053-40;106093-90;106104-88;106119-46;106128-19,Investor 639;Investor 666;Investor 718;Investor 755;Investor 774;Investor 834;Investor 855;Investor 880;Investor 894
51300-01,08/30/2010,105901-66;106012-27;106092-64,Investor 546;Investor 706;Investor 830
51300-28,11/22/2010,106029-28;106037-38,Investor 734;Investor 748
51300-55,11/22/2010,10139-41,Investor 161
51300-82,06/01/2008,10364-77,Investor 311
51301-72,10/11/2010,106104-88,Investor 855
51303-61,11/15/2010,106062-40;106093-90;106128-19,Investor 788;Investor 834;Investor 894
51303-97,03/01/2007,105957-10,Investor 625
51308-02,06/14/2007,10070-83,Investor 102
51308-74,11/23/2010,106104-88,Investor 855
51312-70,03/02/2009,10146-16,Investor 167
51315-94,05/01/2007,10241-02,Investor 240
51317-02,01/01/2010,10404-10,Investor 347
51317-29,03/20/2007,10241-02,Investor 240
51318-10,11/29/2010,105870-34,Investor 498
51321-43,06/25/2009,10241-02,Investor 240
51323-23,10/16/2009,10123-03,Investor 151
51325-93,11/24/2010,10446-40,Investor 376
51326-20,08/20/2007,105894-55;106116-76,Investor 539;Investor 871
51326-38,08/21/2009,10133-20,Investor 155
51332-86,12/01/2010,10445-23,Investor 374
51332-95,09/05/2008,105913-90;105983-38,Investor 559;Investor 666
51335-56,06/01/2009,10134-73;105874-30;105945-22;105980-23,Investor 156;Investor 505;Investor 604;Investor 664
51340-96,11/12/2008,10241-02,Investor 240
51343-03,10/11/2010,105862-33,Investor 491
51346-81,11/22/2010,10134-73;105863-23;105913-27;105918-31,Investor 156;Investor 493;Investor 557;Investor 564
51349-06,09/19/2012,10070-83,Investor 102
51349-78,03/19/2008,10228-51;10241-02,Investor 225;Investor 240
51352-21,12/03/2009,10146-16,Investor 167
51353-56,10/25/2007,10382-32;105913-27,Investor 322;Investor 557
51358-69,11/24/2009,10134-73;105847-12;105872-14;105901-66;105930-91;105983-65;106008-13;106069-96;106093-90,Investor 156;Investor 469;Investor 501;Investor 546;Investor 583;Investor 668;Investor 700;Investor 798;Investor 834
51359-68,09/24/2009,10123-03;10466-65,Investor 151;Investor 392
51364-00,04/22/2008,10139-41;105991-75,Investor 161;Investor 678
51364-54,12/06/2010,10146-16,Investor 167
51366-79,06/02/2011,105904-27,Investor 550
51367-15,04/01/2012,10139-41,Investor 161
51367-24,05/06/2009,10133-20;105972-22,Investor 155;Investor 648
51369-13,02/03/2010,105874-30;105918-31;106036-12;106040-71;106054-39;106116-94,Investor 505;Investor 564;Investor 744;Investor 753;Investor 776;Investor 872
51369-49,10/21/2008,10322-83,Investor 283
51370-48,05/09/2008,106007-68,Investor 699
51374-98,04/01/2015,10022-14,Investor 23
51376-87,10/29/2009,106128-19,Investor 894
51377-59,10/15/2013,10191-52,Investor 208
51385-96,08/27/2009,104140-63,Investor 358
51391-00,11/01/2009,106020-64,Investor 722
51391-09,06/30/2010,105888-52;105952-60;105992-92;106049-26;106053-40;106113-43,Investor 528;Investor 616;Investor 680;Investor 768;Investor 774;Investor 865
51394-15,06/12/2012,10094-14,Investor 127
51396-22,12/15/2010,106015-42,Investor 712
51401-17,09/04/2009,105999-40,Investor 687
51401-26,10/29/2008,105888-52,Investor 528
51405-13,12/21/2010,106047-64;106093-90,Investor 764;Investor 834
51409-36,12/17/2010,106126-75,Investor 892
51410-89,03/23/2011,10052-20;10146-16;105891-31;105949-45;105965-56,Investor 69;Investor 167;Investor 535;Investor 610;Investor 637
51414-22,12/22/2009,106008-13;106009-93,Investor 700;Investor 703
51416-20,01/01/2010,106053-40;106124-41,Investor 774;Investor 886
51416-29,05/14/2010,105928-30;106053-40;106067-89,Investor 578;Investor 774;Investor 795
51420-07,12/21/2009,105847-12;106007-68,Investor 469;Investor 699
51425-38,09/23/2009,105897-52,Investor 542
51426-37,08/25/2008,10133-20,Investor 155
51428-89,12/21/2010,106060-33,Investor 785
51429-43,12/28/2011,105929-56,Investor 581
51432-13,07/22/2008,10453-33;106072-21,Investor 380;Investor 804
51442-21,09/14/2010,105941-53,Investor 598
51447-79,01/04/2011,106104-88,Investor 855
51447-88,11/21/2013,10144-09,Investor 166
51450-49,01/05/2011,10146-16,Investor 167
51452-29,06/10/2014,10241-02,Investor 240
51452-47,04/14/2010,105955-84,Investor 622
51452-56,07/09/2009,106107-22,Investor 858
51453-73,04/29/2010,106035-94,Investor 743
51457-87,05/31/2009,105927-94,Investor 575
51458-05,06/02/2010,105950-17;106069-96,Investor 612;Investor 798
51458-32,07/01/2010,105906-52;106115-59,Investor 552;Investor 868
51458-50,11/19/2009,106034-59,Investor 741
51466-78,07/12/2011,10376-38,Investor 318
51467-59,04/19/2010,105971-68;105986-62;106009-48;106031-62;106037-38;106040-71;106054-39;106067-17;106097-68;106099-03;106123-24,Investor 646;Investor 672;Investor 702;Investor 738;Investor 748;Investor 753;Investor 776;Investor 793;Investor 839;Investor 842;Investor 884
51470-02,01/10/2011,106025-23,Investor 731
51471-82,01/10/2011,105927-94,Investor 575
51472-27,12/01/2010,106036-75,Investor 747
51473-53,03/04/2010,105872-14;105916-06;105927-94;106007-68;106124-86,Investor 501;Investor 562;Investor 575;Investor 699;Investor 887
51480-55,01/11/2011,10139-41;104140-63;105883-84,Investor 161;Investor 358;Investor 517
51480-64,12/03/2010,106118-02,Investor 876
51486-67,04/23/2007,105847-12;106118-02,Investor 469;Investor 876
51486-85,08/09/2010,105976-18,Investor 656
51490-00,07/01/2008,106102-00,Investor 848
51495-58,02/24/2011,10331-11,Investor 291
51497-47,10/05/2007,10109-26;105939-37;106030-63,Investor 141;Investor 594;Investor 737
51500-71,01/11/2013,10022-14;10215-73,Investor 23;Investor 216
51504-85,05/07/2009,10133-20,Investor 155
51505-75,03/31/2011,105901-66;105997-24;106008-13;106041-70;106069-96;106093-90;106122-79,Investor 546;Investor 683;Investor 700;Investor 755;Investor 798;Investor 834;Investor 883
51511-69,02/25/2011,106126-75,Investor 892
51518-80,01/05/2010,10401-94;105976-18;105997-87;106007-68;106015-06;106060-33;106072-21;106123-24,Investor 344;Investor 656;Investor 684;Investor 699;Investor 711;Investor 785;Investor 804;Investor 884
51519-16,08/16/2013,10022-14;105961-15,Investor 23;Investor 630
51527-89,03/01/2008,105883-57;105894-55;106063-21;106116-76,Investor 516;Investor 539;Investor 789;Investor 871
51541-21,02/01/2008,105984-19,Investor 670
51542-02,12/16/2008,105927-94;105955-84;105967-00;106015-06;106031-62;106035-94;106036-12;106041-70;106049-26;106052-23;106099-03;106122-79,Investor 575;Investor 622;Investor 639;Investor 711;Investor 738;Investor 743;Investor 744;Investor 755;Investor 768;Investor 772;Investor 842;Investor 883
51542-56,08/27/2008,106037-38,Investor 748
51542-74,01/07/2010,10052-20;105883-84;106085-44,Investor 69;Investor 517;Investor 819
51543-01,05/20/2008,10139-41;105930-91;105945-22;106042-87;106104-88,Investor 161;Investor 583;Investor 604;Investor 757;Investor 855
51543-10,01/19/2010,10052-20;105891-31,Investor 69;Investor 535
51544-09,10/16/2007,105976-18,Investor 656
51544-81,11/14/2010,10382-32;105901-66;105910-30;105928-75;105985-63;105997-87;106007-68;106033-87;106035-13;106040-17;106052-23;106054-30;106060-33;106072-21;106092-64;106093-90;106124-86,Investor 322;Investor 546;Investor 556;Investor 579;Investor 671;Investor 684;Investor 699;Investor 740;Investor 742;Investor 752;Investor 772;Investor 775;Investor 785;Investor 804;Investor 830;Investor 834;Investor 887
51544-99,02/17/2008,105929-65;105984-19;106107-22,Investor 582;Investor 670;Investor 858
51545-26,01/21/2010,106008-13,Investor 700
51546-07,12/09/2008,105984-19,Investor 670
51546-16,07/27/2010,106036-12,Investor 744
51546-52,04/30/2009,10139-41,Investor 161
51546-61,05/10/2010,105886-27;106007-68;106085-44;106093-90,Investor 523;Investor 699;Investor 819;Investor 834
51546-88,04/12/2010,105847-84;106102-00,Investor 470;Investor 848
51547-24,11/17/2010,106052-23,Investor 772
51547-69,01/01/2010,10146-16;106098-04,Investor 167;Investor 841
51548-14,02/02/2011,106007-68;106124-86,Investor 699;Investor 887
51549-58,07/09/2009,106052-23;106124-86,Investor 772;Investor 887
51549-94,11/15/2007,105901-66;106036-12,Investor 546;Investor 744
51550-30,02/15/2007,105924-61;106052-23;106054-30,Investor 572;Investor 772;Investor 775
51550-75,02/01/2011,10133-20;105847-84;105927-94;106019-74,Investor 155;Investor 470;Investor 575;Investor 719
51552-55,02/02/2011,10133-20;105857-11;105927-94;105967-00;106114-06,Investor 155;Investor 483;Investor 575;Investor 639;Investor 866
51552-91,02/03/2011,105927-94,Investor 575
51554-53,11/19/2008,10232-83,Investor 230
51555-34,09/01/2007,105928-75,Investor 579
51555-97,09/30/2008,105894-01;106072-21;106104-88,Investor 538;Investor 804;Investor 855
51563-80,02/03/2011,105862-33;105880-24;105986-62;106118-74,Investor 491;Investor 512;Investor 672;Investor 878
51565-78,02/07/2011,10022-14,Investor 23
51567-49,09/18/2007,105921-46,Investor 569
51574-60,06/08/2010,105949-45,Investor 610
51574-78,02/09/2011,10049-14,Investor 66
51574-96,06/13/2008,10048-15,Investor 64
51581-08,10/09/2008,106029-28;106113-43,Investor 734;Investor 865
51588-91,03/27/2009,10139-41,Investor 161
51593-32,03/22/2010,105847-84,Investor 470
51593-68,07/23/2009,106008-13;106036-12;106049-26,Investor 700;Investor 744;Investor 768
51594-76,09/05/2008,105924-61;106104-88,Investor 572;Investor 855
51595-84,07/07/2010,10139-41,Investor 161
51597-55,02/16/2011,105942-43;106007-68;106054-30;106093-90;106104-88,Investor 600;Investor 699;Investor 775;Investor 834;Investor 855
51598-18,06/01/2010,105908-59;105955-84;106064-47;106099-03,Investor 554;Investor 622;Investor 792;Investor 842
51598-27,02/14/2011,106054-30;106093-90;106125-76,Investor 775;Investor 834;Investor 890
51600-16,04/15/2010,10146-16;105949-45,Investor 167;Investor 610
51601-51,10/24/2007,10123-03,Investor 151
51604-75,11/06/2009,106002-10;106067-17;106104-88,Investor 691;Investor 793;Investor 855
51605-20,07/16/2008,10123-03,Investor 151
51606-64,02/18/2011,105983-92,Investor 669
51609-34,02/17/2011,105924-61,Investor 572
51611-59,03/15/2011,10242-91,Investor 245
51614-02,02/20/2011,10123-03,Investor 151
51614-65,01/01/2013,105939-37;105976-18;106008-76;106012-27;106062-40;106097-68,Investor 594;Investor 656;Investor 701;Investor 706;Investor 788;Investor 839
51618-97,02/19/2011,105888-16;106011-46;106081-66,Investor 526;Investor 705;Investor 813
51619-06,01/08/2010,10393-84,Investor 335
51619-87,05/14/2008,10070-83,Investor 102
51623-65,05/10/2012,106047-73,Investor 765
51624-37,12/08/2009,10133-20,Investor 155
51632-65,09/28/2011,10042-21;10133-20;10181-17;105972-22;105999-22;106048-18,Investor 54;Investor 155;Investor 196;Investor 648;Investor 686;Investor 767
51638-68,01/23/2007,10052-20;10215-64,Investor 69;Investor 215
51638-95,01/01/2009,10215-73,Investor 216
51639-13,12/17/2009,10215-73,Investor 216
51639-58,01/27/2009,10215-73,Investor 216
51645-16,03/21/2007,10322-83,Investor 283
51645-52,03/18/2009,10077-85;10109-26,Investor 115;Investor 141
51646-06,03/03/2012,105921-64;105974-83;106070-32,Investor 570;Investor 654;Investor 799
51646-24,02/26/2011,105924-61,Investor 572
51647-59,03/02/2011,10437-94,Investor 370
51649-03,04/01/2011,106099-03,Investor 842
51649-84,08/11/2011,10123-03,Investor 151
51650-02,09/09/2009,10133-20,Investor 155
51654-79,01/05/2012,105953-14;105955-84;105976-18;106098-04;106099-03;106125-94,Investor 617;Investor 622;Investor 656;Investor 841;Investor 842;Investor 891
51654-88,04/14/2010,105950-17;106054-30,Investor 612;Investor 775
51655-06,03/30/2011,105949-45;106007-68;106019-74;106036-75;106070-32;106104-88;106122-79,Investor 610;Investor 699;Investor 719;Investor 747;Investor 799;Investor 855;Investor 883
51655-33,10/14/2009,105976-18;106067-89;106116-94,Investor 656;Investor 795;Investor 872
51657-22,03/07/2011,106007-68;106039-72,Investor 699;Investor 751
51660-37,04/03/2007,10133-20,Investor 155
51663-43,03/09/2011,10049-14,Investor 66
51663-79,09/12/2007,10123-03,Investor 151
51664-42,05/15/2013,10051-21,Investor 68
51666-94,03/09/2011,105851-98;105893-83;106015-96;106124-41,Investor 478;Investor 537;Investor 713;Investor 886
51667-48,05/03/2010,105930-91;105942-43;106067-89;106081-12;106104-88;106128-19,Investor 583;Investor 600;Investor 795;Investor 812;Investor 855;Investor 894
51674-77,04/26/2010,10121-86;105976-18;106049-26;106060-33,Investor 150;Investor 656;Investor 768;Investor 785
51675-67,03/11/2011,106007-68;106054-39;106122-79;106123-24,Investor 699;Investor 776;Investor 883;Investor 884
51683-95,01/01/2010,106039-45,Investor 750
51684-31,02/22/2011,105961-15;105964-84;105976-18;105980-23;106092-64,Investor 630;Investor 636;Investor 656;Investor 664;Investor 830
51686-47,03/15/2011,10242-91,Investor 245
51686-56,03/16/2011,10242-91,Investor 245
51697-00,03/17/2011,105997-24;106104-61,Investor 683;Investor 853
51697-09,07/01/2008,10509-85,Investor 422
51699-79,10/09/2008,10581-22,Investor 457
51700-51,03/16/2011,10135-81,Investor 157
51700-96,10/30/2008,106059-16,Investor 782
51701-23,03/21/2011,10052-20,Investor 69
51704-92,01/20/2010,10134-73;105916-06;105976-18;106022-62;106054-39,Investor 156;Investor 562;Investor 656;Investor 727;Investor 776
51705-37,03/21/2011,10404-28,Investor 349
51706-36,03/22/2011,10402-12,Investor 345
51707-26,08/24/2007,10109-26,Investor 141
51708-07,01/01/2007,10109-26;106093-90,Investor 141;Investor 834
51708-43,08/30/2007,10109-26,Investor 141
51709-42,04/21/2009,10109-26,Investor 141
51709-69,11/06/2007,10109-26,Investor 141
51711-58,03/02/2010,10139-41;106036-12;106067-89,Investor 161;Investor 744;Investor 795
51712-75,03/23/2011,105879-16;105934-24;106092-64;106116-94,Investor 510;Investor 587;Investor 830;Investor 872
51713-74,05/15/2007,10215-64,Investor 215
51717-16,06/25/2007,106093-90,Investor 834
51717-25,03/23/2011,10602-37,Investor 728
51717-34,03/23/2011,105893-83;105927-94;106008-13;106060-33;106092-64,Investor 537;Investor 575;Investor 700;Investor 785;Investor 830
51718-15,03/09/2011,105535-18;106033-87;106036-12;106054-30;106075-72;106128-19,Investor 436;Investor 740;Investor 744;Investor 775;Investor 808;Investor 894
51719-68,03/25/2011,10315-81,Investor 280
51723-91,03/28/2011,10241-47,Investor 243
51725-08,03/29/2011,10134-73;106005-79;106090-66,Investor 156;Investor 698;Investor 825
51735-61,12/21/2007,10134-73,Investor 156
51736-15,03/30/2011,106072-21,Investor 804
51738-49,03/08/2012,105986-62;106072-21;106123-24,Investor 672;Investor 804;Investor 884
51748-21,09/08/2011,10322-83,Investor 283
51750-64,01/17/2012,105964-84;105986-71;105999-40;106039-72;106060-15,Investor 636;Investor 673;Investor 687;Investor 751;Investor 784
51750-82,04/04/2012,10322-83;106072-21,Investor 283;Investor 804
51751-99,10/27/2010,105943-87;105955-84;106107-22,Investor 602;Investor 622;Investor 858
51756-76,12/01/2010,106099-03,Investor 842
51756-85,09/27/2011,105913-27;105929-65;10593-37;105972-49;105976-18;105983-92;105986-71;105999-22;106029-55;106123-24;106128-19,Investor 557;Investor 582;Investor 586;Investor 649;Investor 656;Investor 669;Investor 673;Investor 686;Investor 735;Investor 884;Investor 894
51758-20,03/01/2010,105965-56;106013-53;106025-23,Investor 637;Investor 707;Investor 731
51767-74,04/07/2011,105858-55,Investor 486
51770-08,03/04/2011,105859-09,Investor 488
51774-31,04/12/2011,105999-40;106007-68,Investor 687;Investor 699
51777-73,01/01/2009,10139-41;105927-94;105939-37;106030-63,Investor 161;Investor 575;Investor 594;Investor 737
52104-43,04/15/2011,10133-20,Investor 155
52104-70,02/10/2011,106025-23;106104-88,Investor 731;Investor 855
52104-79,05/01/2012,10322-83,Investor 283
52105-51,04/14/2011,106035-13,Investor 742
52105-78,04/18/2011,105851-98;105884-65;105891-31;105957-37;106115-59,Investor 478;Investor 520;Investor 535;Investor 626;Investor 868
52106-05,10/08/2008,10241-02,Investor 240
52107-85,03/23/2011,10181-17;105934-24,Investor 196;Investor 587
52109-38,05/10/2010,106029-28,Investor 734
52109-74,05/12/2010,106014-88;106099-03,Investor 710;Investor 842
52110-46,04/04/2011,106113-43;106123-24,Investor 865;Investor 884
52113-52,04/18/2011,10133-20;105965-56;106060-33,Investor 155;Investor 637;Investor 785
52115-14,11/24/2008,106067-17,Investor 793
52115-68,10/02/2013,10123-03,Investor 151
52116-58,01/01/2008,106124-86,Investor 887
52119-73,07/01/2007,106047-73,Investor 765
52120-45,02/24/2010,10133-20,Investor 155
52127-20,03/28/2008,105927-94,Investor 575
52129-09,04/22/2011,106039-72,Investor 751
52129-27,04/22/2011,10133-20;10134-73;105921-46;105964-84;105986-62;106029-55;106054-39;106069-96;106092-64,Investor 155;Investor 156;Investor 569;Investor 636;Investor 672;Investor 735;Investor 776;Investor 798;Investor 830
52132-42,04/26/2011,10139-41,Investor 161
52135-30,01/08/2013,10452-52,Investor 379
52136-29,12/14/2009,106009-93,Investor 703
52141-06,04/28/2011,10139-41;106011-46;106105-87,Investor 161;Investor 705;Investor 856
52148-53,05/02/2011,10052-20;105957-10,Investor 69;Investor 625
52148-71,04/28/2008,10015-12,Investor 11
52150-69,05/03/2011,10322-83,Investor 283
52153-75,04/29/2011,106092-64,Investor 830
52155-37,05/04/2011,106063-39,Investor 790
52157-89,03/24/2008,106036-12;106060-33;106099-03;106128-19,Investor 744;Investor 785;Investor 842;Investor 894
52158-79,05/22/2012,10049-14,Investor 66
52163-74,05/02/2011,10135-81,Investor 157
52163-83,04/21/2011,106123-24,Investor 884
52164-91,02/26/2012,10049-14,Investor 66
52167-79,05/23/2011,10139-41;10357-03,Investor 161;Investor 307
52167-88,05/10/2011,10052-20;10139-41;106039-72,Investor 69;Investor 161;Investor 751
52169-50,05/30/2012,105904-27;105992-92;106033-87;106041-70;106054-30;106114-06,Investor 550;Investor 680;Investor 740;Investor 755;Investor 775;Investor 866
52175-80,04/26/2007,105952-60,Investor 616
52179-40,05/12/2011,106038-10,Investor 749
52181-65,04/07/2011,10133-20;105964-84;105976-18;106015-96;106019-74;106053-40;106093-90,Investor 155;Investor 636;Investor 656;Investor 713;Investor 719;Investor 774;Investor 834
52186-24,01/31/2011,10133-20;106124-86,Investor 155;Investor 887
52189-21,05/13/2011,10215-64,Investor 215
52191-19,03/05/2010,106014-88;106099-03;106104-43,Investor 710;Investor 842;Investor 852
52196-59,05/18/2011,105918-31,Investor 564
52196-77,05/18/2011,106124-86,Investor 887
52196-95,01/06/2010,10052-20,Investor 69
52202-26,03/07/2007,10018-18,Investor 15
52202-71,05/19/2011,105893-83;105976-18;106076-35,Investor 537;Investor 656;Investor 809
52204-60,08/06/2007,10052-20,Investor 69
52213-15,07/15/2009,105980-23,Investor 664
52214-05,05/23/2011,105978-16;106113-43,Investor 662;Investor 865
52217-47,08/16/2010,10052-20;10123-03,Investor 69;Investor 151
52218-19,03/03/2010,105847-84;105918-31,Investor 470;Investor 564
52218-28,06/13/2012,10445-23,Investor 374
52219-54,04/17/2008,105884-65;105928-75;105950-17;106030-63;106060-60;106104-88,Investor 520;Investor 579;Investor 612;Investor 737;Investor 786;Investor 855
52226-56,08/22/2008,105918-31;105970-24;106113-43,Investor 564;Investor 644;Investor 865
52229-80,05/26/2011,106070-77,Investor 801
52230-07,06/08/2016,105847-84,Investor 470
52232-68,03/11/2008,10139-41,Investor 161
52233-94,04/13/2010,105945-22,Investor 604
52237-45,06/01/2010,105943-87;106013-53;106054-39,Investor 602;Investor 707;Investor 776
52239-97,02/09/2009,10242-91,Investor 245
52241-32,08/15/2007,10331-11,Investor 291
52244-20,06/17/2007,10070-83,Investor 102
52245-73,02/11/2010,106019-47;106070-77,Investor 718;Investor 801
52249-06,10/24/2011,10134-73,Investor 156
52256-35,04/16/2007,10042-21;10070-83,Investor 54;Investor 102
52258-60,01/22/2013,10139-41,Investor 161
52264-27,05/28/2010,105901-66;105943-87,Investor 546;Investor 602
52264-99,03/14/2008,10052-20,Investor 69
52269-22,06/09/2011,106105-87;106120-99,Investor 856;Investor 881
52272-01,03/18/2010,10181-17,Investor 196
52273-81,04/01/2009,10052-20,Investor 69
52274-62,01/01/2010,105955-84,Investor 622
52275-25,02/02/2007,10181-17,Investor 196
52275-52,07/01/2012,10181-17,Investor 196
52279-39,06/13/2011,105977-98,Investor 661
52282-27,04/04/2011,105874-30;105918-31;105921-64;106081-12,Investor 505;Investor 564;Investor 570;Investor 812
52283-08,05/13/2010,105930-91;106067-89,Investor 583;Investor 795
52283-26,06/10/2011,105854-23,Investor 481
52285-33,01/17/2012,10437-94,Investor 370
52288-57,06/16/2011,10404-46,Investor 350
52288-84,06/16/2011,106072-21,Investor 804
52289-29,06/15/2011,10072-27;105955-84;106025-23,Investor 104;Investor 622;Investor 731
52292-98,06/17/2011,105869-08;105929-65,Investor 497;Investor 582
52293-97,01/15/2010,10133-20,Investor 155
52297-84,06/29/2007,106081-12,Investor 812
52300-27,01/01/2010,10139-41,Investor 161
52300-36,06/21/2011,10052-20;10058-77,Investor 69;Investor 81
52301-26,01/28/2011,106093-45,Investor 832
52301-35,06/21/2011,10139-41,Investor 161
52303-51,06/21/2011,106062-40;106113-43,Investor 788;Investor 865
52305-40,08/18/2008,10154-71,Investor 172
52311-34,07/31/2009,106036-75,Investor 747
52312-24,06/08/2011,105927-94;106075-72,Investor 575;Investor 808
52312-33,05/11/2011,106092-64,Investor 830
52312-51,05/11/2011,105890-77;105945-22;106053-40;106063-21;106093-90;106114-06,Investor 532;Investor 604;Investor 774;Investor 789;Investor 834;Investor 866
52320-88,06/24/2011,10133-20;105939-37;105949-45,Investor 155;Investor 594;Investor 610
52323-40,06/23/2011,105858-55,Investor 486
52326-82,12/31/2009,106037-38,Investor 748
52326-91,06/28/2011,106036-75,Investor 747
52327-90,01/02/2012,106038-10;106062-40;106113-43,Investor 749;Investor 788;Investor 865
52329-16,06/29/2011,105949-45,Investor 610
52329-61,09/27/2010,106076-35,Investor 809
52329-79,06/28/2011,10408-33,Investor 353
52331-23,11/01/2009,10139-41;105991-75,Investor 161;Investor 678
52332-49,04/06/2009,10077-85,Investor 115
52333-66,06/29/2011,10139-41,Investor 161
52336-36,06/29/2011,105848-92,Investor 473
52337-98,02/08/2011,105901-66;106081-66,Investor 546;Investor 813
52340-86,08/01/2009,106019-92,Investor 720
52343-74,01/06/2012,10134-73,Investor 156
52350-40,01/09/2010,106008-13,Investor 700
52354-63,02/03/2011,10195-75,Investor 211
52354-72,07/07/2011,10052-20;10446-40,Investor 69;Investor 376
52358-23,07/06/2011,106043-41,Investor 758
52369-03,07/12/2011,10139-41,Investor 161
52369-30,07/11/2011,106054-39,Investor 776
52370-11,07/08/2011,106067-89,Investor 795
52373-53,06/18/2009,105985-63,Investor 671
52373-62,07/13/2011,10123-03;105918-31,Investor 151;Investor 564
52377-31,07/12/2011,10133-20;106052-23;106117-48;106124-41,Investor 155;Investor 772;Investor 873;Investor 886
52379-92,07/13/2011,10468-45;105870-79;106011-46;106025-23;106035-13;106055-20,Investor 393;Investor 500;Investor 705;Investor 731;Investor 742;Investor 777
52497-64,10/03/2008,10146-16,Investor 167
52498-00,09/11/2009,10022-14,Investor 23
52498-45,07/18/2011,10133-20,Investor 155
52505-29,09/20/2012,10052-20,Investor 69
52507-27,06/03/2010,106008-13;106045-12,Investor 700;Investor 760
52514-65,10/12/2010,105858-55;106070-77,Investor 486;Investor 801
52514-74,07/20/2011,10331-11,Investor 291
52515-19,07/19/2011,106057-18,Investor 781
52523-02,08/04/2011,105955-84,Investor 622
